-- MySQL dump 10.13  Distrib 5.6.10, for Win32 (x86)
--
-- Host: localhost    Database: dayz
-- ------------------------------------------------------
-- Server version	5.6.10
/*!40103 SET @OLD_TIME_ZONE=@@TIME_ZONE */;
/*!40103 SET TIME_ZONE='+00:00' */;
/*!40014 SET @OLD_UNIQUE_CHECKS=@@UNIQUE_CHECKS, UNIQUE_CHECKS=0 */;
/*!40014 SET @OLD_FOREIGN_KEY_CHECKS=@@FOREIGN_KEY_CHECKS, FOREIGN_KEY_CHECKS=0 */;
/*!40101 SET @OLD_SQL_MODE=@@SQL_MODE, SQL_MODE='NO_AUTO_VALUE_ON_ZERO,MYSQL40' */;
/*!40111 SET @OLD_SQL_NOTES=@@SQL_NOTES, SQL_NOTES=0 */;

--
-- Table structure for table `characters`
--

DROP TABLE IF EXISTS `characters`;
CREATE TABLE `characters` (
  `player_id` int(11) NOT NULL DEFAULT '0',
  `health` int(11) NOT NULL DEFAULT '12000',
  `hunger` int(11) NOT NULL DEFAULT '1000',
  `thirst` int(11) NOT NULL DEFAULT '1000',
  `wound` int(11) NOT NULL DEFAULT '0',
  `placex` float NOT NULL DEFAULT '-1420.64',
  `placey` float NOT NULL DEFAULT '-2897.94',
  `placez` float NOT NULL DEFAULT '48.0911',
  `angle` float NOT NULL DEFAULT '38.8824',
  `skin` int(11) NOT NULL DEFAULT '2',
  `killer_id` int(11) DEFAULT NULL,
  `c_killer` int(11) DEFAULT NULL,
  `scores` int(11) NOT NULL DEFAULT '0',
  KEY `player_id` (`player_id`)
) TYPE=MyISAM;

--
-- Dumping data for table `characters`
--

LOCK TABLES `characters` WRITE;
/*!40000 ALTER TABLE `characters` DISABLE KEYS */;
INSERT INTO `characters` VALUES (23,12000,936,872,0,-1524.07,497.743,7.17969,355.155,2,0,0,1),(24,12000,974,948,0,-1561.73,-2734.04,49.0956,16.3221,2,NULL,0,0),(25,12000,981,962,0,1422.03,-1196.1,27.1042,93.9173,2,NULL,0,0),(26,9830,966,932,100,-1496.55,-2835.98,46.8392,231.491,2,NULL,27,1),(27,12000,995,990,0,-2.17535,-2726.9,40.8479,343.692,2,26,NULL,0),(28,14000,1191,744,0,-2706.39,-128.856,4.17969,356.959,2,NULL,NULL,0),(29,12000,983,966,0,-1562.03,-2733.95,49.1543,356.629,2,NULL,27,0),(30,12000,886,772,0,22.7041,-2646.29,40.7523,268.825,2,NULL,27,0),(31,7200,899,798,200,-2182.61,-2288.03,30.4688,18.3909,2,NULL,0,0),(32,13760,1197,916,80,-1566.32,-2734.93,48.5442,234.428,2,NULL,27,0),(33,7800,965,930,530,-1225.37,-2633.37,9.71444,196.709,2,0,75,0),(34,12000,993,986,0,-1390.59,-2995.06,-4.17145,322.428,2,NULL,0,0),(35,12000,992,984,0,-1505.14,-2808.7,46.5625,25.7274,2,NULL,0,0),(36,12000,943,886,0,-2491.94,-2218.95,28.3237,44.4993,2,NULL,0,0),(37,12000,978,956,0,-282.098,-2104.34,33.9797,0,2,0,NULL,0),(38,12000,970,940,0,-1565.06,-2769.55,47.9315,228.615,2,NULL,0,0),(39,14000,1131,1108,0,-1620.02,693.256,7.1875,206.726,2,0,NULL,0),(40,12000,999,998,0,-1409.95,-2921.57,47.2031,333.94,2,23,NULL,0),(41,9990,1145,1028,110,-2102.82,-2253.69,30.625,342.082,2,44,NULL,0),(42,11770,985,970,30,-1668.05,-2620.19,45.8311,27.5788,2,NULL,43,0),(43,-1220,986,972,2180,-2009.11,-539.152,35.3359,312.668,2,45,NULL,1),(44,11510,979,958,30,-1673.15,-2675.76,48.5398,34.9943,2,NULL,41,3),(45,7870,1178,672,0,-2315.87,1071.6,65.5859,277.697,2,44,23,1),(46,11920,995,990,20,-93.1733,-2453.55,34.5015,226.115,2,43,40,1),(47,9170,973,946,270,-1197.81,-2845.46,68.1604,44.7431,2,46,48,1),(48,12000,968,936,0,-2710.31,-2073.01,35.4894,39.628,2,47,NULL,0),(49,12000,997,994,0,-2990.7,471.878,4.91406,272.077,2,50,NULL,0),(50,9700,957,914,60,-1024.77,-2868.24,67.95,254.388,2,NULL,49,2),(51,-140,916,832,170,-2191.53,-2263.31,30.6317,343.736,2,52,NULL,0),(52,14000,1059,1056,0,373.152,-1350.18,14.5947,296.03,2,0,NULL,1),(53,14000,1178,778,0,-1923.77,-1742.96,22.416,344.119,2,NULL,0,0),(54,10240,977,954,80,-1577.51,-2773.39,48.3371,134.068,2,NULL,53,0),(55,12000,964,928,0,-1001.68,-2861.78,67.2599,320.578,2,NULL,NULL,0),(56,4840,940,880,460,-1897.92,-2737.14,14.595,145.489,2,NULL,57,0),(57,9280,941,882,230,-1899.4,-2736.42,14.8947,57.853,2,NULL,56,0),(58,12000,934,868,0,-553.271,2020.03,60.1875,216.881,2,NULL,0,1),(59,11800,909,818,40,-2149.93,-2406,30.4688,62.7505,2,0,NULL,0),(60,11850,983,966,10,-1420.64,-2897.94,48.0911,38.8824,2,NULL,59,0),(61,12000,992,984,0,-1483.32,-2837.84,46.8314,43.2691,2,NULL,59,0),(62,12000,989,978,0,-9.81837,-2520.63,36.6555,319.417,2,0,NULL,0),(63,9440,917,834,80,-2167.87,-2298.52,30.4688,253.877,2,NULL,0,0),(64,12000,1000,1000,0,-2515.22,-2689.77,40.6987,260.325,2,0,NULL,0),(65,10290,1107,814,710,-1764.94,-2458.36,19.8988,14.1076,2,0,NULL,0),(66,4540,957,914,500,-1763.58,-2441.97,24.5732,19.438,2,NULL,65,0),(67,12000,990,980,0,-1566.63,-2730.42,48.7435,243.356,2,NULL,NULL,0),(68,8420,986,972,1700,-2509.33,-2305.6,29.1172,12.7658,2,0,NULL,0),(69,12000,937,874,0,-2185.38,-2446.13,30.625,142.49,2,NULL,0,0),(70,11480,934,868,40,-2170.21,-2309.15,30.625,26.1291,2,NULL,0,0),(71,12000,989,978,0,-1441.75,-2877.32,48.3433,43.2925,2,NULL,NULL,0),(72,12000,924,848,0,-1139.11,-2296.16,37.5428,55.9218,2,NULL,0,0),(73,12000,974,948,0,-1425.79,-2885.4,48.7131,128.705,2,NULL,NULL,0),(74,3720,978,956,460,-1465.07,-2846.21,47.4499,112.701,2,NULL,73,0),(75,12000,989,978,0,-2836.64,-1228.37,57.2951,272.295,2,0,NULL,0),(76,11830,995,990,170,-2730.94,-2091.02,20.7497,275.628,2,NULL,0,0),(77,12000,997,994,0,-2965,-1734.14,8.78782,12.6358,2,NULL,0,0),(78,12000,991,982,0,-2883.93,441.936,5.01299,285.527,2,NULL,0,0),(79,12000,877,754,0,1715.43,-1630.25,20.2046,142.308,2,0,NULL,0),(80,12000,990,980,0,-247.797,-1776.13,7.6362,315.455,2,NULL,NULL,0);
/*!40000 ALTER TABLE `characters` ENABLE KEYS */;
UNLOCK TABLES;

--
-- Table structure for table `dot_type`
--

DROP TABLE IF EXISTS `dot_type`;
CREATE TABLE `dot_type` (
  `id` int(11) NOT NULL AUTO_INCREMENT,
  `dot_id` int(11) NOT NULL DEFAULT '0',
  `type_id` int(11) NOT NULL DEFAULT '0',
  UNIQUE KEY `dot_id` (`dot_id`,`type_id`),
  KEY `id` (`id`)
) TYPE=MyISAM AUTO_INCREMENT=2531;

--
-- Dumping data for table `dot_type`
--

LOCK TABLES `dot_type` WRITE;
/*!40000 ALTER TABLE `dot_type` DISABLE KEYS */;
INSERT INTO `dot_type` VALUES (816,214,11),(817,215,1),(818,215,2),(819,215,3),(820,215,10),(821,216,1),(822,217,1),(823,218,2),(824,218,7),(825,218,1),(829,219,12),(830,220,2),(831,221,7),(832,222,1),(833,223,1),(834,223,7),(835,223,10),(836,224,1),(837,225,1),(838,226,1),(839,227,1),(840,228,1),(841,229,1),(842,230,1),(843,231,1),(844,232,1),(845,233,1),(846,234,1),(847,234,7),(848,235,1),(849,235,7),(850,236,1),(851,236,7),(852,237,1),(853,237,7),(854,238,1),(855,238,7),(856,239,7),(857,240,1),(858,240,7),(859,241,1),(860,241,7),(861,242,1),(862,242,7),(863,243,1),(864,244,1),(865,245,1),(866,246,1),(867,247,7),(868,248,8),(869,249,7),(870,250,1),(871,250,8),(872,251,1),(873,251,7),(874,251,2),(875,252,1),(876,253,1),(877,254,1),(878,255,1),(879,256,1),(880,257,1),(881,258,1),(882,259,10),(883,260,10),(884,261,10),(885,262,12),(886,263,10),(887,263,2),(888,264,1),(889,264,10),(890,264,8),(891,265,1),(892,266,1),(893,267,1),(894,268,1),(895,269,1),(896,270,1),(897,271,7),(898,272,1),(899,273,1),(900,274,11),(901,275,10),(902,276,10),(903,277,1),(904,278,1),(905,279,10),(906,280,10),(907,281,2),(908,281,3),(909,281,4),(910,282,2),(911,283,2),(912,283,3),(913,283,9),(914,283,10),(915,283,12),(916,284,1),(917,285,7),(918,286,1),(919,287,10),(920,288,11),(921,289,10),(922,290,10),(923,291,10),(924,292,10),(925,293,10),(926,294,10),(927,295,10),(928,296,1),(929,297,11),(930,298,12),(931,299,1),(932,300,3),(933,301,10),(934,302,10),(935,303,11),(936,304,1),(937,305,7),(938,306,1),(939,307,10),(940,308,1),(941,309,1),(942,310,1),(943,311,1),(944,312,1),(945,313,1),(946,314,10),(947,315,12),(948,316,2),(949,317,2),(950,318,7),(951,319,8),(952,320,2),(953,321,2),(954,322,7),(955,322,8),(956,323,10),(957,324,10),(958,325,10),(959,326,7),(960,327,11),(961,328,11),(962,329,10),(963,330,10),(964,331,11),(965,332,10),(966,333,10),(967,334,10),(968,335,10),(969,335,1),(970,335,2),(971,336,10),(972,337,12),(973,337,8),(974,337,7),(975,337,4),(976,337,3),(977,337,2),(978,338,10),(979,339,1),(980,339,10),(981,339,12),(982,340,1),(983,341,2),(984,342,1),(985,343,10),(986,344,10),(987,344,1),(988,344,2),(989,345,8),(990,345,7),(991,346,1),(992,347,1),(993,348,1),(994,349,1),(995,350,1),(996,351,1),(997,352,1),(998,353,2),(999,353,3),(1000,354,8),(1001,354,7),(1002,355,1),(1003,356,1),(1004,357,1),(1005,358,1),(1006,359,7),(1007,360,7),(1008,361,7),(1009,362,7),(1010,363,7),(1011,364,2),(1012,365,1),(1013,366,1),(1014,367,1),(1015,368,3),(1016,369,1),(1017,370,3),(1018,370,4),(1019,371,1),(1020,372,2),(1021,373,4),(1022,374,9),(1023,375,8),(1024,376,8),(1025,377,8),(1026,378,8),(1027,379,8),(1028,380,4),(1029,381,8),(1030,382,8),(1031,383,3),(1032,384,8),(1033,385,12),(1034,386,7),(1035,387,7),(1036,388,10),(1038,389,10),(1039,389,1),(1040,389,2),(1041,389,7),(1048,389,8),(1054,390,10),(1055,390,1),(1056,390,7),(1057,391,10),(1058,392,10),(1059,393,1),(1060,394,10),(1061,395,1),(1062,396,10),(1063,397,1),(1064,398,12),(1065,399,10),(1066,399,1),(1067,399,2),(1068,399,7),(1069,400,1),(1070,401,1),(1071,402,12),(1072,403,10),(1073,403,2),(1074,404,1),(1075,405,10),(1076,406,10),(1077,407,1),(1078,408,1),(1079,409,1),(1080,410,10),(1081,411,10),(1082,412,1),(1083,413,1),(1084,414,11),(1085,415,10),(1086,416,2),(1087,416,1),(1088,417,1),(1089,418,3),(1090,419,1),(1091,420,1),(1092,421,1),(1093,422,1),(1094,423,1),(1095,424,1),(1096,425,10),(1097,426,8),(1098,427,1),(1099,428,11),(1100,429,10),(1101,430,10),(1102,430,1),(1103,431,10),(1104,431,1),(1105,432,10),(1106,433,8),(1107,434,10),(1108,435,11),(1109,436,1),(1110,437,1),(1111,438,1),(1112,439,10),(1113,440,10),(1114,441,2),(1115,442,7),(1116,443,1),(1117,444,1),(1118,445,2),(1119,446,7),(1120,447,12),(1121,448,8),(1122,449,3),(1123,450,10),(1124,451,10),(1125,452,11),(1126,453,10),(1127,454,10),(1128,455,10),(1129,456,10),(1130,457,10),(1131,458,10),(1132,459,1),(1133,460,1),(1134,461,1),(1135,462,2),(1136,463,7),(1137,464,10),(1138,465,11),(1139,466,1),(1140,467,10),(1141,467,1),(1142,467,7),(1143,468,1),(1144,469,1),(1145,470,1),(1146,471,10),(1147,472,1),(1148,473,1),(1149,473,10),(1150,474,2),(1151,474,3),(1152,475,7),(1153,476,7),(1154,477,10),(1155,477,1),(1156,478,10),(1157,478,1),(1158,479,10),(1159,480,10),(1160,481,1),(1161,482,11),(1162,483,1),(1163,484,1),(1164,485,8),(1165,486,12),(1166,487,12),(1167,488,12),(1168,489,12),(1169,490,11),(1170,491,1),(1171,492,1),(1172,493,1),(1173,493,7),(1174,494,1),(1175,494,7),(1176,495,1),(1177,495,8),(1178,496,1),(1179,497,1),(1180,498,1),(1181,499,1),(1182,499,10),(1183,500,1),(1184,500,10),(1185,500,7),(1186,501,1),(1187,501,10),(1188,501,7),(1189,502,1),(1190,502,10),(1191,502,7),(1192,503,2),(1193,503,7),(1194,504,2),(1195,504,7),(1196,504,8),(1197,505,3),(1198,505,7),(1199,506,1),(1200,507,7),(1201,508,7),(1202,508,2),(1203,509,1),(1204,510,1),(1205,511,1),(1206,512,3),(1207,512,4),(1208,513,8),(1209,514,8),(1210,515,1),(1211,516,1),(1212,517,1),(1213,518,1),(1214,519,1),(1215,520,10),(1216,521,7),(1217,521,8),(1218,522,1),(1219,522,7),(1220,522,8),(1221,522,12),(1222,523,8),(1223,524,1),(1224,524,7),(1225,525,10),(1226,526,10),(1227,526,1),(1228,527,10),(1229,527,1),(1230,528,10),(1231,528,1),(1232,529,1),(1233,530,7),(1234,531,1),(1235,532,1),(1236,533,1),(1237,534,2),(1238,535,2),(1239,536,1),(1240,537,1),(1241,538,10),(1242,539,1),(1243,540,7),(1244,541,1),(1245,542,10),(1246,543,1),(1247,544,11),(1248,545,10),(1249,546,11),(1250,547,1),(1251,548,1),(1252,549,1),(1253,550,1),(1254,551,7),(1255,552,1),(1256,553,1),(1257,554,1),(1258,555,1),(1259,556,1),(1260,557,2),(1261,558,1),(1262,559,1),(1263,560,1),(1264,561,1),(1265,562,1),(1266,563,1),(1267,564,11),(1268,565,1),(1269,566,1),(1270,567,10),(1271,567,1),(1272,567,2),(1273,568,10),(1274,569,7),(1275,570,1),(1276,571,1),(1277,572,1),(1278,573,10),(1279,574,2),(1280,575,4),(1281,576,3),(1282,577,1),(1283,578,10),(1284,579,10),(1285,580,10),(1286,580,1),(1287,581,10),(1288,581,1),(1289,582,1),(1290,583,1),(1291,584,1),(1292,585,10),(1293,586,1),(1294,587,10),(1295,588,1),(1296,589,10),(1297,589,1),(1298,590,12),(1299,591,1),(1300,592,10),(1301,593,10),(1302,594,10),(1303,594,1),(1304,595,11),(1305,596,1),(1306,597,1),(1307,598,1),(1308,599,1),(1317,600,7),(1318,601,7),(1319,602,12),(1320,603,10),(1321,604,10),(1322,605,10),(1323,606,10),(1324,607,1),(1325,608,11),(1326,609,1),(1327,610,1),(1328,611,12),(1329,612,7),(1330,613,7),(1331,614,7),(1332,615,7),(1333,616,7),(1334,617,7),(1335,617,8),(1336,617,1),(1337,618,1),(1338,619,7),(1339,620,7),(1340,621,2),(1341,622,12),(1342,623,7),(1343,624,7),(1344,624,1),(1345,625,7),(1346,625,1),(1347,626,7),(1348,626,1),(1349,627,11),(1350,628,1),(1351,629,10),(1352,630,2),(1353,631,4),(1354,632,8),(1355,633,8),(1356,634,8),(1357,635,8),(1358,636,3),(1359,637,1),(1360,638,4),(1361,639,11),(1362,640,1),(1363,641,1),(1364,641,7),(1365,642,1),(1366,642,7),(1367,643,1),(1368,643,12),(1369,644,1),(1370,644,10),(1371,645,1),(1372,645,10),(1373,646,1),(1374,646,10),(1375,647,1),(1376,647,10),(1377,648,1),(1378,648,10),(1379,649,1),(1380,650,12),(1381,651,1),(1382,652,1),(1383,652,10),(1384,653,1),(1385,654,1),(1386,655,1),(1387,655,10),(1388,656,1),(1389,657,4),(1390,658,1),(1391,658,10),(1392,659,7),(1393,660,1),(1394,661,1),(1395,662,1),(1396,663,11),(1397,664,1),(1398,665,1),(1399,666,1),(1400,667,7),(1401,668,3),(1402,669,1),(1403,670,1),(1404,671,7),(1405,672,7),(1406,673,1),(1407,674,1),(1408,675,7),(1409,676,7),(1410,677,1),(1411,677,10),(1412,678,1),(1413,679,1),(1414,680,11),(1415,681,1),(1416,682,1),(1417,683,1),(1418,684,10),(1419,685,10),(1420,686,10),(1421,687,7),(1422,688,1),(1423,689,1),(1424,690,1),(1425,691,10),(1426,692,1),(1427,693,1),(1428,694,10),(1429,695,1),(1430,696,1),(1431,697,1),(1432,698,10),(1433,699,1),(1434,700,1),(1435,701,1),(1436,702,10),(1437,703,1),(1438,704,1),(1439,705,10),(1440,706,1),(1441,707,1),(1442,708,1),(1443,709,1),(1444,710,7),(1445,710,8),(1446,711,1),(1447,712,10),(1448,713,1),(1449,714,10),(1450,715,8),(1451,716,10),(1452,717,1),(1453,718,1),(1454,719,1),(1455,720,1),(1456,721,1),(1457,722,1),(1458,723,12),(1459,724,1),(1460,725,1),(1461,726,10),(1462,727,10),(1463,727,1),(1464,727,7),(1465,728,10),(1466,728,1),(1467,728,7),(1468,729,10),(1469,730,7),(1470,731,1),(1471,732,1),(1472,733,2),(1473,734,11),(1474,735,10),(1475,736,10),(1476,737,10),(1477,738,1),(1478,738,7),(1479,738,8),(1480,739,1),(1481,739,7),(1482,740,1),(1483,740,7),(1484,741,1),(1485,741,7),(1486,742,1),(1487,742,7),(1488,743,1),(1489,743,7),(1490,743,10),(1491,744,4),(1492,745,8),(1493,746,8),(1494,747,8),(1495,748,8),(1496,749,8),(1497,750,2),(1498,751,12),(1499,752,2),(1500,753,1),(1501,753,10),(1502,753,7),(1503,754,1),(1504,754,10),(1505,754,7),(1506,755,1),(1507,755,10),(1508,755,7),(1509,756,3),(1510,757,8),(1511,758,8),(1512,759,8),(1513,760,8),(1514,760,1),(1515,761,12),(1516,762,10),(1517,763,1),(1518,763,10),(1519,764,10),(1520,765,1),(1521,766,1),(1522,767,1),(1523,768,1),(1524,769,10),(1525,770,2),(1526,770,7),(1527,770,3),(1528,771,2),(1529,771,7),(1530,771,3),(1531,772,1),(1532,773,1),(1533,774,1),(1534,775,1),(1535,776,1),(1536,777,1),(1537,777,10),(1538,778,1),(1539,778,10),(1540,779,1),(1541,779,10),(1542,780,10),(1543,781,1),(1544,782,1),(1545,783,1),(1546,784,1),(1547,784,10),(1548,785,1),(1549,785,10),(1550,786,1),(1551,786,10),(1552,787,1),(1553,787,10),(1554,788,1),(1555,788,10),(1556,789,1),(1557,790,1),(1558,791,1),(1559,791,10),(1560,791,7),(1561,792,1),(1562,792,10),(1563,792,7),(1564,793,1),(1565,793,10),(1566,793,7),(1567,794,1),(1568,795,1),(1569,796,1),(1570,797,1),(1571,797,10),(1572,797,7),(1573,798,1),(1574,798,10),(1575,798,7),(1576,799,1),(1577,799,7),(1578,800,10),(1579,801,1),(1580,802,1),(1581,803,10),(1582,803,7),(1583,804,10),(1584,804,7),(1585,805,10),(1586,805,7),(1587,806,1),(1588,806,10),(1589,806,7),(1590,807,1),(1591,808,1),(1592,809,10),(1593,810,10),(1594,810,1),(1595,811,10),(1596,811,1),(1597,812,10),(1598,812,1),(1599,813,10),(1600,813,1),(1601,814,10),(1602,814,1),(1603,814,7),(1604,815,10),(1605,815,1),(1606,816,2),(1607,816,3),(1608,817,10),(1609,817,1),(1610,818,10),(1611,819,10),(1612,820,10),(1613,820,1),(1614,821,10),(1615,821,1),(1616,822,1),(1617,823,10),(1618,823,1),(1619,824,10),(1620,824,1),(1621,825,1),(1622,825,7),(1623,826,1),(1624,827,1),(1625,827,10),(1626,828,1),(1627,828,10),(1628,829,1),(1629,829,10),(1630,830,1),(1631,830,10),(1632,831,1),(1633,831,10),(1634,832,8),(1635,833,10),(1636,834,1),(1637,835,1),(1638,836,1),(1639,837,1),(1640,837,10),(1641,838,7),(1642,838,2),(1643,839,1),(1644,840,1),(1645,841,1),(1646,842,1),(1647,843,10),(1648,844,10),(1649,845,1),(1650,846,1),(1651,847,10),(1652,848,7),(1653,848,2),(1654,849,7),(1655,849,2),(1656,850,7),(1657,850,2),(1658,850,1),(1659,851,7),(1660,851,2),(1661,851,1),(1662,851,10),(1663,852,7),(1664,852,2),(1665,852,1),(1666,852,10),(1667,853,7),(1668,853,1),(1669,853,10),(1670,854,1),(1671,854,10),(1672,855,1),(1673,855,10),(1674,856,1),(1675,857,1),(1676,858,1),(1677,859,1),(1678,859,7),(1679,860,1),(1680,860,7),(1681,861,1),(1682,861,7),(1683,862,1),(1684,862,7),(1685,862,10),(1686,863,1),(1687,863,7),(1688,863,10),(1689,864,1),(1690,865,1),(1691,866,1),(1692,867,1),(1693,867,7),(1694,867,10),(1695,867,2),(1696,868,1),(1697,868,7),(1698,868,10),(1699,868,2),(1700,869,1),(1701,869,7),(1702,869,10),(1703,869,2),(1704,870,1),(1705,870,7),(1706,870,10),(1707,870,2),(1708,871,1),(1709,871,7),(1710,871,10),(1711,872,7),(1712,872,10),(1713,873,1),(1714,874,1),(1715,875,1),(1716,876,1),(1717,877,7),(1718,877,10),(1719,878,7),(1720,879,1),(1721,880,1),(1722,881,2),(1723,881,3),(1724,881,4),(1725,882,2),(1726,882,3),(1727,882,4),(1728,883,2),(1729,883,3),(1730,883,4),(1731,884,10),(1732,885,7),(1733,886,7),(1734,886,10),(1735,887,7),(1736,887,10),(1737,887,1),(1738,888,7),(1739,888,10),(1740,888,1),(1741,889,2),(1742,889,3),(1743,889,4),(1744,890,7),(1745,890,10),(1746,890,1),(1747,891,7),(1748,891,10),(1749,891,1),(1750,892,7),(1751,892,10),(1752,892,1),(1753,893,2),(1754,893,3),(1755,893,4),(1756,894,1),(1757,894,10),(1758,895,10),(1759,896,10),(1760,897,10),(1761,898,10),(1762,899,10),(1763,900,10),(1764,901,10),(1765,902,10),(1766,903,1),(1767,904,2),(1768,904,3),(1769,904,4),(1770,905,7),(1771,906,7),(1772,907,7),(1773,908,7),(1774,909,7),(1775,910,3),(1776,911,8),(1777,911,7),(1778,911,9),(1781,912,3),(1782,912,8),(1783,913,3),(1784,913,8),(1785,914,8),(1786,915,8),(1787,916,2),(1788,916,3),(1789,916,4),(1790,917,2),(1791,917,3),(1792,917,4),(1793,918,2),(1794,918,3),(1795,918,4),(1796,919,7),(1797,919,8),(1798,919,9),(1799,920,10),(1800,921,11),(1801,922,12),(1802,923,12),(1803,924,10),(1804,925,10),(1805,925,7),(1806,926,10),(1807,926,7),(1808,926,1),(1809,927,10),(1810,927,7),(1811,927,1),(1812,928,10),(1813,928,7),(1814,928,1),(1815,929,10),(1816,929,7),(1817,929,1),(1818,930,10),(1819,930,7),(1820,930,1),(1821,931,1),(1822,932,1),(1823,933,1),(1824,934,1),(1825,935,10),(1826,936,10),(1827,937,1),(1828,938,1),(1829,938,10),(1830,939,1),(1831,939,10),(1832,940,1),(1833,940,10),(1834,940,7),(1835,941,1),(1836,941,10),(1837,941,7),(1838,942,1),(1839,942,10),(1840,942,7),(1841,943,1),(1842,943,10),(1843,943,7),(1844,944,10),(1845,944,7),(1846,944,1),(1847,945,10),(1848,945,7),(1849,945,1),(1850,946,10),(1851,946,7),(1852,946,1),(1853,947,10),(1854,947,7),(1855,947,1),(1856,948,10),(1857,948,7),(1858,948,1),(1859,949,1),(1860,950,1),(1861,951,1),(1862,951,10),(1863,952,1),(1864,952,10),(1865,953,1),(1866,953,10),(1867,954,2),(1868,954,3),(1869,954,4),(1870,955,7),(1871,955,8),(1872,956,7),(1873,956,8),(1874,957,7),(1875,957,8),(1876,958,7),(1877,958,8),(1878,959,12),(1879,960,7),(1880,960,8),(1881,961,10),(1882,962,2),(1883,962,3),(1884,962,4),(1885,963,7),(1886,964,7),(1887,965,1),(1888,965,10),(1889,966,1),(1890,966,10),(1891,967,1),(1892,967,10),(1893,968,1),(1894,968,10),(1895,969,1),(1896,969,10),(1897,969,7),(1898,970,1),(1899,970,10),(1900,970,7),(1901,971,1),(1902,971,10),(1903,971,7),(1904,972,2),(1905,972,3),(1906,972,4),(1907,973,7),(1908,973,8),(1909,974,7),(1910,974,8),(1911,974,2),(1912,975,4),(1913,976,8),(1914,977,8),(1915,978,8),(1916,979,8),(1917,980,8),(1918,981,2),(1919,981,3),(1920,982,7),(1921,983,7),(1922,984,7),(1923,985,7),(1924,986,12),(1925,987,2),(1926,987,7),(1927,988,2),(1928,988,3),(1929,988,7),(1930,989,7),(1931,990,7),(1932,990,1),(1933,991,12),(1934,992,1),(1935,993,1),(1936,994,1),(1937,995,1),(1938,996,1),(1939,997,1),(1940,998,1),(1941,999,1),(1942,1000,1),(1943,1001,1),(1944,1002,1),(1945,1003,1),(1946,1004,1),(1947,1005,1),(1948,1006,1),(1949,1007,1),(1950,1008,1),(1951,1009,1),(1952,1010,1),(1953,1011,1),(1954,1012,1),(1955,1013,1),(1956,1014,1),(1957,1015,1),(1958,1016,1),(1959,1017,1),(1960,1018,1),(1961,1019,1),(1962,1020,1),(1963,1021,1),(1964,1022,1),(1965,1023,1),(1966,1024,1),(1967,1025,1),(1968,1026,1),(1969,1027,1),(1970,1028,1),(1971,1029,1),(1972,1030,1),(1973,1031,1),(1974,1032,1),(1975,1033,1),(1976,1034,1),(1977,1035,1),(1978,1036,1),(1979,1037,1),(1980,1038,1),(1981,1039,1),(1982,1040,1),(1983,1041,1),(1984,1042,1),(1985,1043,1),(1986,1044,1),(1987,1045,1),(1988,1045,10),(1989,1046,1),(1990,1047,10),(1991,1047,7),(1992,1048,1),(1993,1049,10),(1994,1050,10),(1995,1051,1),(1996,1052,1),(1997,1053,1),(1998,1054,1),(1999,1055,1),(2000,1056,1),(2001,1056,10),(2002,1057,1),(2003,1058,7),(2004,1059,1),(2005,1060,1),(2006,1060,7),(2007,1061,1),(2008,1061,7),(2009,1062,1),(2010,1062,7),(2011,1063,1),(2012,1063,7),(2013,1064,1),(2014,1064,7),(2015,1065,1),(2016,1066,1),(2017,1067,1),(2018,1068,1),(2019,1069,1),(2020,1070,1),(2021,1071,1),(2022,1072,1),(2023,1073,10),(2024,1074,1),(2025,1075,1),(2026,1076,1),(2027,1076,10),(2028,1077,1),(2029,1077,10),(2030,1077,7),(2031,1078,7),(2032,1078,8),(2033,1079,7),(2034,1079,8),(2035,1080,1),(2036,1081,1),(2037,1082,1),(2038,1083,1),(2039,1083,7),(2040,1084,1),(2041,1085,1),(2042,1086,1),(2043,1087,8),(2044,1088,8),(2045,1089,1),(2046,1090,1),(2047,1090,7),(2048,1091,8),(2049,1092,8),(2050,1093,1),(2051,1094,1),(2052,1095,1),(2053,1096,1),(2054,1097,1),(2055,1098,1),(2056,1099,1),(2057,1100,1),(2058,1101,12),(2059,1101,4),(2060,1102,8),(2061,1103,3),(2062,1104,1),(2063,1104,7),(2064,1105,1),(2065,1106,1),(2066,1106,7),(2067,1106,10),(2068,1107,8),(2069,1108,1),(2070,1109,1),(2071,1110,1),(2072,1110,7),(2073,1111,1),(2074,1111,7),(2075,1112,1),(2076,1112,7),(2077,1113,1),(2078,1114,10),(2079,1115,8),(2080,1116,1),(2081,1117,1),(2082,1118,8),(2083,1118,7),(2084,1119,1),(2085,1120,1),(2086,1121,1),(2087,1122,1),(2088,1123,1),(2089,1124,1),(2090,1125,7),(2091,1126,1),(2092,1127,1),(2093,1128,1),(2094,1129,3),(2095,1130,7),(2096,1131,1),(2097,1132,1),(2098,1133,1),(2099,1134,1),(2100,1135,1),(2101,1136,3),(2102,1137,8),(2103,1138,1),(2104,1139,1),(2105,1140,1),(2106,1141,1),(2107,1142,1),(2108,1143,1),(2109,1144,1),(2110,1145,1),(2111,1146,1),(2112,1147,1),(2113,1148,1),(2114,1149,1),(2115,1150,1),(2116,1151,1),(2117,1152,1),(2118,1153,1),(2119,1154,1),(2120,1155,1),(2121,1156,1),(2122,1157,1),(2123,1157,7),(2124,1158,1),(2125,1159,1),(2126,1160,1),(2127,1161,1),(2128,1161,7),(2129,1161,10),(2130,1162,7),(2131,1163,8),(2132,1164,1),(2133,1164,7),(2134,1165,10),(2135,1166,1),(2136,1167,1),(2137,1168,1),(2138,1169,1),(2139,1170,7),(2140,1170,8),(2141,1171,7),(2142,1171,1),(2143,1172,7),(2144,1172,10),(2145,1173,1),(2146,1173,7),(2147,1173,10),(2148,1174,1),(2149,1174,7),(2150,1174,10),(2151,1175,1),(2152,1175,7),(2153,1175,10),(2154,1176,10),(2155,1176,7),(2156,1177,1),(2157,1178,1),(2158,1179,1),(2159,1180,1),(2160,1181,1),(2161,1182,8),(2162,1183,1),(2163,1184,8),(2164,1185,8),(2165,1186,7),(2166,1187,1),(2167,1188,1),(2168,1189,1),(2169,1190,1),(2170,1191,2),(2171,1191,3),(2172,1192,7),(2173,1192,8),(2174,1192,9),(2175,1193,8),(2176,1194,10),(2177,1195,10),(2178,1196,10),(2179,1197,10),(2180,1197,1),(2181,1198,10),(2182,1199,7),(2183,1199,1),(2184,1200,1),(2185,1200,8),(2186,1201,1),(2187,1201,8),(2188,1201,10),(2189,1201,2),(2190,1201,7),(2191,1202,1),(2192,1203,1),(2193,1203,2),(2194,1203,7),(2195,1204,1),(2196,1205,1),(2197,1205,10),(2198,1205,2),(2199,1205,7),(2200,1206,1),(2201,1206,10),(2202,1206,2),(2203,1206,7),(2204,1207,1),(2205,1208,10),(2206,1208,7),(2207,1209,2),(2208,1210,2),(2209,1210,7),(2210,1210,8),(2211,1211,2),(2212,1211,7),(2213,1211,8),(2214,1211,1),(2215,1212,2),(2216,1212,7),(2217,1212,8),(2218,1212,1),(2219,1212,10),(2220,1213,1),(2221,1213,8),(2222,1214,8),(2223,1215,8),(2224,1215,7),(2225,1216,8),(2226,1216,7),(2227,1217,2),(2228,1217,3),(2229,1217,4),(2230,1218,1),(2231,1219,11),(2232,1220,1),(2233,1221,1),(2234,1221,7),(2235,1222,1),(2236,1222,7),(2237,1223,1),(2238,1223,7),(2239,1223,10),(2240,1224,1),(2241,1225,1),(2242,1226,8),(2243,1227,8),(2244,1228,8),(2245,1228,3),(2246,1229,8),(2247,1229,7),(2248,1230,1),(2249,1230,4),(2250,1231,2),(2251,1231,3),(2252,1231,4),(2253,1231,7),(2254,1231,8),(2255,1232,1),(2256,1233,2),(2257,1234,3),(2258,1235,4),(2259,1236,7),(2260,1236,8),(2261,1237,7),(2262,1237,8),(2263,1238,1),(2264,1239,1),(2265,1240,1),(2266,1240,7),(2267,1240,10),(2268,1240,2),(2269,1240,3),(2270,1240,8),(2271,1241,10),(2272,1242,10),(2273,1243,10),(2274,1243,1),(2275,1244,10),(2276,1244,1),(2277,1245,10),(2278,1245,1),(2279,1246,10),(2280,1246,1),(2281,1247,10),(2282,1247,1),(2283,1247,2),(2284,1248,10),(2285,1248,1),(2286,1248,2),(2287,1248,3),(2288,1248,7),(2289,1249,1),(2290,1250,1),(2291,1251,1),(2292,1252,1),(2293,1252,10),(2294,1253,1),(2295,1254,1),(2296,1254,2),(2297,1255,1),(2298,1255,2),(2299,1255,10),(2300,1255,7),(2301,1256,1),(2302,1257,1),(2303,1258,1),(2304,1259,1),(2305,1260,1),(2306,1261,1),(2307,1262,1),(2308,1262,10),(2309,1262,7),(2310,1263,1),(2311,1263,10),(2312,1263,7),(2313,1264,10),(2314,1264,7),(2315,1265,1),(2316,1266,1),(2317,1267,1),(2318,1268,1),(2319,1269,1),(2320,1269,10),(2321,1269,8),(2322,1270,1),(2323,1270,10),(2324,1270,8),(2325,1271,1),(2326,1271,10),(2327,1271,8),(2328,1271,7),(2329,1271,3),(2330,1272,1),(2331,1272,10),(2332,1272,8),(2333,1272,7),(2334,1273,1),(2335,1273,10),(2336,1273,8),(2337,1273,7),(2338,1274,1),(2339,1275,1),(2340,1276,1),(2341,1277,1),(2342,1278,1),(2343,1279,1),(2344,1280,1),(2345,1281,1),(2346,1281,10),(2347,1282,1),(2348,1282,10),(2349,1283,1),(2350,1283,10),(2351,1283,8),(2352,1284,1),(2353,1284,10),(2354,1284,7),(2355,1285,1),(2356,1285,10),(2357,1285,7),(2358,1286,1),(2359,1287,1),(2360,1288,1),(2361,1289,1),(2362,1290,1),(2363,1291,1),(2364,1292,1),(2365,1293,1),(2366,1294,1),(2367,1295,1),(2368,1296,1),(2369,1297,1),(2370,1298,1),(2371,1299,1),(2372,1300,1),(2373,1301,1),(2374,1302,1),(2375,1303,1),(2376,1304,1),(2377,1305,1),(2378,1306,1),(2379,1307,1),(2380,1308,1),(2381,1309,1),(2382,1310,1),(2383,1311,1),(2384,1312,1),(2385,1313,1),(2386,1314,1),(2387,1315,1),(2388,1316,1),(2389,1317,1),(2390,1318,1),(2391,1319,1),(2392,1320,1),(2393,1321,1),(2394,1322,1),(2395,1323,1),(2396,1324,1),(2397,1325,1),(2398,1326,10),(2399,1327,7),(2400,1328,7),(2401,1328,10),(2402,1328,1),(2403,1329,7),(2404,1329,10),(2405,1329,1),(2406,1330,7),(2407,1330,10),(2408,1330,1),(2409,1331,7),(2410,1331,10),(2411,1331,1),(2412,1332,7),(2413,1332,10),(2414,1332,1),(2415,1333,7),(2416,1333,10),(2417,1333,1),(2418,1334,7),(2419,1334,10),(2420,1334,1),(2421,1335,7),(2422,1335,10),(2423,1335,1),(2424,1336,7),(2425,1336,10),(2426,1336,1),(2427,1337,7),(2428,1337,10),(2429,1337,1),(2430,1338,7),(2431,1338,10),(2432,1338,1),(2433,1339,7),(2434,1339,10),(2435,1339,1),(2436,1340,7),(2437,1340,10),(2438,1340,1),(2439,1341,7),(2440,1341,10),(2441,1341,1),(2442,1342,7),(2443,1342,10),(2444,1342,1),(2445,1343,7),(2446,1343,10),(2447,1343,1),(2448,1344,7),(2449,1344,10),(2450,1344,1),(2451,1345,7),(2452,1345,10),(2453,1345,1),(2454,1346,7),(2455,1346,10),(2456,1346,1),(2457,1347,7),(2458,1347,10),(2459,1347,1),(2460,1348,7),(2461,1348,10),(2462,1348,1),(2463,1349,7),(2464,1349,10),(2465,1349,1),(2466,1350,10),(2467,1350,1),(2468,1351,10),(2469,1351,1),(2470,1352,10),(2471,1352,1),(2472,1353,10),(2473,1353,1),(2474,1354,10),(2475,1354,1),(2476,1355,10),(2477,1355,1),(2478,1356,8),(2479,1357,1),(2480,1357,10),(2481,1358,1),(2482,1358,10),(2483,1359,1),(2484,1359,10),(2485,1360,1),(2486,1360,10),(2487,1361,1),(2488,1361,10),(2489,1362,1),(2490,1362,10),(2491,1363,1),(2492,1363,10),(2493,1364,1),(2494,1364,10),(2495,1365,1),(2496,1365,7),(2497,1366,1),(2498,1366,7),(2499,1366,10),(2500,1367,1),(2501,1367,7),(2502,1367,10),(2503,1368,1),(2504,1368,10),(2505,1369,1),(2506,1369,10),(2507,1370,8),(2508,1371,8),(2509,1371,7),(2510,1372,1),(2511,1373,1),(2512,1374,1),(2513,1375,1),(2514,1376,1),(2515,1377,7),(2516,1378,7),(2517,1379,7),(2518,1380,7),(2519,1381,8),(2520,1381,4),(2521,1382,8),(2522,1383,1),(2523,1383,8),(2524,1383,7),(2525,1383,10),(2526,1384,1),(2527,1385,1),(2528,1386,1),(2529,1387,1),(2530,1388,3);
/*!40000 ALTER TABLE `dot_type` ENABLE KEYS */;
UNLOCK TABLES;

--
-- Table structure for table `inventory`
--

DROP TABLE IF EXISTS `inventory`;
CREATE TABLE `inventory` (
  `player_id` int(11) NOT NULL DEFAULT '0',
  `inv1` int(11) NOT NULL DEFAULT '-1',
  `inv2` int(11) NOT NULL DEFAULT '-1',
  `inv3` int(11) NOT NULL DEFAULT '-1',
  `inv4` int(11) NOT NULL DEFAULT '-1',
  `inv5` int(11) NOT NULL DEFAULT '-1',
  `inv6` int(11) NOT NULL DEFAULT '-1',
  KEY `id` (`player_id`)
) TYPE=MyISAM;

--
-- Dumping data for table `inventory`
--

LOCK TABLES `inventory` WRITE;
/*!40000 ALTER TABLE `inventory` DISABLE KEYS */;
INSERT INTO `inventory` VALUES (23,1592,-1,717,1267,1338,1631),(24,-1,-1,-1,-1,-1,-1),(25,-1,-1,-1,-1,-1,-1),(26,-1,-1,-1,-1,-1,-1),(27,-1,-1,-1,-1,-1,-1),(28,1366,875,-1,-1,-1,-1),(29,-1,-1,-1,-1,-1,-1),(30,928,-1,-1,-1,-1,-1),(31,-1,-1,1217,-1,985,1043),(32,-1,-1,-1,-1,-1,-1),(33,-1,1887,1341,-1,-1,-1),(34,-1,-1,-1,-1,-1,-1),(35,-1,-1,-1,-1,-1,-1),(36,1243,1174,1286,-1,-1,-1),(37,-1,1369,-1,-1,-1,-1),(38,-1,-1,-1,-1,-1,-1),(39,1249,816,1351,1604,987,1562),(40,-1,-1,-1,-1,-1,-1),(41,763,1396,1104,-1,1459,1471),(42,-1,-1,-1,-1,-1,-1),(43,-1,-1,-1,-1,-1,-1),(44,-1,-1,-1,-1,-1,-1),(45,-1,-1,-1,-1,-1,-1),(46,-1,-1,-1,-1,-1,-1),(47,-1,-1,-1,-1,-1,-1),(48,-1,-1,-1,-1,-1,-1),(49,-1,1346,-1,-1,-1,-1),(50,-1,1431,-1,-1,1348,-1),(51,-1,-1,-1,-1,-1,-1),(52,999,1013,918,-1,1439,931),(53,-1,-1,1248,-1,-1,1591),(54,-1,-1,-1,-1,-1,-1),(55,-1,-1,-1,-1,-1,-1),(56,-1,-1,-1,-1,-1,-1),(57,-1,-1,-1,-1,-1,-1),(58,-1,-1,-1,-1,-1,-1),(59,-1,-1,-1,-1,-1,-1),(60,-1,-1,-1,-1,-1,-1),(61,-1,-1,-1,-1,-1,-1),(62,-1,-1,-1,-1,-1,-1),(63,-1,-1,1676,-1,-1,-1),(64,1543,-1,-1,-1,-1,-1),(65,1388,1213,1442,-1,-1,-1),(66,-1,-1,1281,-1,-1,-1),(67,-1,-1,-1,-1,-1,-1),(68,-1,-1,-1,-1,-1,-1),(69,-1,-1,1282,-1,-1,1688),(70,-1,-1,-1,-1,-1,-1),(71,-1,-1,-1,-1,-1,-1),(72,-1,-1,-1,-1,-1,-1),(73,-1,-1,-1,-1,-1,-1),(74,-1,-1,-1,-1,-1,-1),(75,-1,-1,-1,-1,-1,-1),(76,-1,-1,-1,-1,-1,-1),(77,-1,-1,-1,-1,-1,-1),(78,-1,-1,-1,-1,-1,-1),(79,-1,-1,-1,-1,-1,-1),(80,-1,-1,-1,-1,-1,-1);
/*!40000 ALTER TABLE `inventory` ENABLE KEYS */;
UNLOCK TABLES;

--
-- Table structure for table `object_dot`
--

DROP TABLE IF EXISTS `object_dot`;
CREATE TABLE `object_dot` (
  `id` int(11) NOT NULL AUTO_INCREMENT,
  `placex` float NOT NULL DEFAULT '0',
  `placey` float NOT NULL DEFAULT '0',
  `placez` float NOT NULL DEFAULT '0',
  `object_id` int(11) DEFAULT NULL,
  `last_time` datetime NOT NULL DEFAULT '0000-00-00 00:00:00',
  KEY `id` (`id`)
) TYPE=MyISAM AUTO_INCREMENT=1389;

--
-- Dumping data for table `object_dot`
--

LOCK TABLES `object_dot` WRITE;
/*!40000 ALTER TABLE `object_dot` DISABLE KEYS */;
INSERT INTO `object_dot` VALUES (214,-2986.85,479.403,4.91406,NULL,'2014-03-27 19:40:22'),(215,-2946.29,463.234,4.91406,751,'2014-03-26 23:48:41'),(216,-2719.07,423.004,4.33381,967,'2014-03-26 23:48:57'),(217,-2690.21,386.579,4.36719,935,'2014-03-26 23:48:56'),(218,-2708.01,378.022,11.9795,978,'2014-03-26 23:48:46'),(219,-2574.08,418.225,17.4688,1308,'2014-03-26 23:48:58'),(220,-2533.02,308.316,35.1172,977,'2014-03-26 23:48:54'),(221,-2545.09,222.122,31.8403,1130,'2014-03-26 23:48:41'),(222,-2545.97,190.083,13.0391,788,'2014-03-26 23:48:41'),(223,-2552.38,193.661,6.16968,758,'2014-03-26 23:48:37'),(224,-2576.43,122.98,4.33594,770,'2014-03-26 23:48:53'),(225,-2577.27,104.713,4.33594,962,'2014-03-26 23:48:52'),(226,-2620.8,103.353,7.20312,1886,'2014-03-30 01:50:10'),(227,-2618.5,114.619,4.33594,943,'2014-03-26 23:48:38'),(228,-2618.53,134.055,4.33594,754,'2014-03-26 23:48:46'),(229,-2632.47,135.608,7.20312,841,'2014-03-26 23:48:34'),(230,-2628.93,125.665,7.20312,853,'2014-03-26 23:48:38'),(231,-2632.86,114.835,4.32812,793,'2014-03-26 23:48:38'),(232,-2633.73,105.903,4.32812,945,'2014-03-26 23:48:50'),(233,-2631.66,96.772,4.32812,1726,'2014-03-30 01:50:10'),(234,-2681.2,91.5029,7.20312,1057,'2014-03-26 23:48:45'),(235,-2677.18,102.203,4.32812,866,'2014-03-26 23:48:36'),(236,-2678.05,113.141,4.33575,1079,'2014-03-26 23:48:37'),(237,-2678.66,127.656,4.32812,1813,'2014-03-30 01:50:10'),(238,-2676.38,132.257,4.33575,1108,'2014-03-26 23:48:37'),(239,-2688.79,137.023,4.34258,1110,'2014-03-26 23:48:47'),(240,-2720.04,130.743,7.03906,764,'2014-03-26 23:48:35'),(241,-2720.19,124.535,7.03906,912,'2014-03-26 23:48:48'),(242,-2688.75,112.776,4.08594,780,'2014-03-26 23:48:51'),(243,-2689.47,96.032,7.20312,731,'2014-03-26 23:48:55'),(244,-2689.49,74.9413,7.20312,739,'2014-03-26 23:48:58'),(245,-2689.53,56.6877,7.20312,942,'2014-03-26 23:48:58'),(246,-2720.44,0.102573,4.33594,833,'2014-03-26 23:48:58'),(247,-2723.04,-17.0511,7.20312,1061,'2014-03-26 23:48:43'),(248,-2723.07,-33.7518,4.07483,1146,'2014-03-26 23:48:47'),(249,-2719.41,-34.6628,4.33594,NULL,'2014-03-27 21:25:40'),(250,-2689.07,-89.5449,4.33594,1157,'2014-03-26 23:48:36'),(251,-2722.84,-127.93,5,1866,'2014-03-30 01:50:11'),(252,-2723.68,-162.606,4.34258,868,'2014-03-26 23:48:55'),(253,-2724,-191.27,4.33594,811,'2014-03-26 23:48:52'),(254,-2734.98,-172.298,4.33875,970,'2014-03-26 23:48:58'),(255,-2781.33,-149.238,7.18723,839,'2014-03-26 23:48:34'),(256,-2780.37,-127.404,7.17969,733,'2014-03-26 23:48:53'),(257,-2733.94,-124.716,4.32812,779,'2014-03-26 23:48:39'),(258,-2778.49,-115.763,7.17969,934,'2014-03-26 23:48:54'),(259,-2736.86,-100.95,4.48788,1231,'2014-03-26 23:48:34'),(260,-2787.11,-97.0482,13.7548,1292,'2014-03-26 23:48:58'),(261,-2788.88,-153.086,13.0627,1261,'2014-03-26 23:48:57'),(262,-2776.7,-177.542,13.0627,1313,'2014-03-26 23:48:36'),(263,-2779.65,-185.21,13.0627,1014,'2014-03-26 23:48:48'),(264,-2207.28,-20.5155,35.3203,845,'2014-03-26 23:48:40'),(265,-2229.66,-78.5898,35.3203,791,'2014-03-26 23:48:57'),(266,-2243.59,-87.9387,35.3203,810,'2014-03-26 23:48:42'),(267,-2268.43,-155.806,35.3203,744,'2014-03-26 23:48:58'),(268,-2276.33,-182.428,35.3203,786,'2014-03-26 23:48:47'),(269,-2335.29,-167.086,35.5547,955,'2014-03-26 23:48:53'),(270,-2332.53,-167.371,35.5547,846,'2014-03-26 23:48:38'),(271,-2429.05,-154.214,35.3125,NULL,'2014-03-28 01:39:32'),(272,-2429.02,-114.608,35.3125,929,'2014-03-26 23:48:54'),(273,-2449.16,-93.6847,30.1875,905,'2014-03-26 23:48:57'),(274,-2449.41,-121.809,26.1355,NULL,'2014-03-26 20:21:40'),(275,-2036.36,170.414,28.8359,1685,'2014-03-27 22:12:41'),(276,-2036.65,178.234,28.8359,1227,'2014-03-26 23:48:52'),(277,-2122.66,-61.8066,35.3203,894,'2014-03-26 23:48:52'),(278,-2110.59,-45.1621,35.3203,781,'2014-03-26 23:48:38'),(279,-2109.82,0.450885,35.3203,1262,'2014-03-26 23:48:53'),(280,-2107.56,135.732,35.1279,1212,'2014-03-26 23:48:43'),(281,-2105.74,139.559,39.2737,980,'2014-03-26 23:48:35'),(282,-2131.15,185.438,42.25,997,'2014-03-26 23:48:55'),(283,-2134.36,173.357,42.25,986,'2014-03-26 23:48:39'),(284,-2132.89,168.19,42.25,901,'2014-03-26 23:48:34'),(285,-2134.47,146.698,41.3584,1102,'2014-03-26 23:48:54'),(286,-2092.81,168.646,35.0547,772,'2014-03-26 23:48:56'),(287,-2117.82,220.074,35.2453,1251,'2014-03-26 23:48:46'),(288,-2132.24,261.77,35.7999,NULL,'2014-03-27 21:16:44'),(289,-2082.46,308.334,35.3544,1534,'2014-03-27 15:40:14'),(290,-1951.48,281.462,35.4688,NULL,'2014-03-28 00:31:09'),(291,-1944.53,275.898,35.4739,1666,'2014-03-27 22:12:41'),(292,-1943,255.376,35.4688,1542,'2014-03-27 18:03:37'),(293,-1953.65,305.777,41.0471,1673,'2014-03-27 22:12:41'),(294,-1956.79,306.606,41.0471,1224,'2014-03-26 23:48:51'),(295,-1957.83,293.697,41.0471,1253,'2014-03-26 23:48:47'),(296,-1922.14,241.165,41.0469,774,'2014-03-26 23:48:43'),(297,-1904.38,282.913,41.0469,NULL,'2014-03-28 01:30:58'),(298,-1963.89,254.844,47.7031,1316,'2014-03-26 23:48:40'),(299,-1816.76,616.431,35.1719,1609,'2014-03-27 18:09:16'),(300,-1806.33,550.415,35.1641,1018,'2014-03-26 23:48:49'),(301,-2080.05,899.714,64.1328,1240,'2014-03-26 23:48:57'),(302,-2073.83,974.323,62.9219,1250,'2014-03-26 23:48:40'),(303,-2044.25,975.749,54.6719,NULL,'0000-00-00 00:00:00'),(304,-1931.02,1044.03,51.3609,966,'2014-03-26 23:48:59'),(305,-1935.61,1090.14,53.2662,1081,'2014-03-26 23:48:46'),(306,-1988.93,1117.66,54.472,794,'2014-03-26 23:48:52'),(307,-1977.09,1188.64,45.4453,1226,'2014-03-26 23:48:36'),(308,-2035.66,1192.75,45.4453,932,'2014-03-26 23:48:37'),(309,-2053.93,1192.56,45.4559,785,'2014-03-26 23:48:47'),(310,-2061.74,1230.42,31.4438,829,'2014-03-26 23:48:55'),(311,-1940.85,1227.4,31.6233,888,'2014-03-26 23:48:40'),(312,-1954.89,1276.38,7.1875,925,'2014-03-26 23:48:48'),(313,-1997.04,1273.87,7.38369,965,'2014-03-26 23:48:51'),(314,-2002.14,1376.59,7.18414,1239,'2014-03-26 23:48:39'),(315,-1931.06,1376.99,7.1875,1305,'2014-03-26 23:48:54'),(316,-1890.7,1396.18,1.38282,991,'2014-03-26 23:48:44'),(317,-994.22,-721.058,35.9375,993,'2014-03-26 23:48:48'),(318,-1051.25,-683.047,32.3516,1064,'2014-03-26 23:48:36'),(319,-1069.17,-679.095,32.3516,1137,'2014-03-26 23:48:45'),(320,-1122.55,-628.328,32.0078,1000,'2014-03-26 23:48:51'),(321,-1122.52,-602.731,32.0078,1005,'2014-03-26 23:48:39'),(322,-1094.42,-604.965,34.0896,1098,'2014-03-26 23:48:50'),(323,-529.57,-503.432,24.7666,1274,'2014-03-26 23:48:47'),(324,-520.497,-503.135,24.7914,1184,'2014-03-26 23:48:35'),(325,-471.609,-539.361,29.1215,1294,'2014-03-26 23:48:41'),(326,-482.921,-545.431,29.1215,1125,'2014-03-26 23:48:50'),(327,-549.667,-543.779,25.5234,NULL,'0000-00-00 00:00:00'),(328,-618.373,-542.397,25.5234,NULL,'0000-00-00 00:00:00'),(329,-620.021,-486.728,25.5234,1263,'2014-03-26 23:48:54'),(330,-621.598,-470.388,25.5234,1192,'2014-03-26 23:48:37'),(331,-1372.91,-522.125,14.1719,NULL,'0000-00-00 00:00:00'),(332,-1572.18,-554.643,14.1484,NULL,'2014-03-28 01:35:29'),(333,-1584.09,-559.297,14.1484,1295,'2014-03-26 23:48:40'),(334,-1612.34,-572.127,14.144,1300,'2014-03-26 23:48:58'),(335,-1624.68,-577.724,14.1484,1003,'2014-03-26 23:48:45'),(336,-1649.03,-589.547,14.1484,NULL,'2014-03-28 01:35:01'),(337,-1669.26,-598.021,14.1484,1303,'2014-03-26 23:48:35'),(338,-1685.33,-489.629,14.1484,1188,'2014-03-26 23:48:57'),(339,-1590.78,143.03,-10.9304,809,'2014-03-26 23:48:40'),(340,-1602.02,155.15,-11.2153,917,'2014-03-26 23:48:56'),(341,-1344.06,439.421,7.1875,979,'2014-03-26 23:48:35'),(342,-1378.94,439.95,7.1875,768,'2014-03-26 23:48:50'),(343,-1421.38,439.527,7.1875,1258,'2014-03-26 23:48:44'),(344,-1442.69,439.438,7.1875,1252,'2014-03-26 23:48:44'),(345,-1478.24,431.591,7.1875,1113,'2014-03-26 23:48:39'),(346,-1451.55,413.916,7.1875,1716,'2014-03-30 01:50:09'),(347,-1427.06,410.324,7.1875,753,'2014-03-26 23:48:41'),(348,-1398.4,413.047,7.1875,787,'2014-03-26 23:48:59'),(349,-1378.58,404.83,7.1875,848,'2014-03-26 23:48:34'),(350,-1398.81,404.749,7.1875,920,'2014-03-26 23:48:38'),(351,-1418.96,404.647,7.1875,911,'2014-03-26 23:48:59'),(352,-1431.93,404.609,7.1875,850,'2014-03-26 23:48:45'),(353,-1473.22,404.095,7.1875,982,'2014-03-26 23:48:34'),(354,-1473.05,378.947,7.1875,1112,'2014-03-26 23:48:38'),(355,-1451.23,378.017,7.1875,872,'2014-03-26 23:48:43'),(356,-1427.32,374.052,7.1875,795,'2014-03-26 23:48:49'),(357,-1392.1,368.575,7.1875,729,'2014-03-26 23:48:54'),(358,-1379.47,368.842,7.1875,930,'2014-03-26 23:49:00'),(359,-1372.49,368.73,7.1875,1083,'2014-03-26 23:48:51'),(360,-1352.12,368.604,7.1875,1111,'2014-03-26 23:48:49'),(361,-1344.16,368.836,7.1875,1084,'2014-03-26 23:48:37'),(362,-1336.17,369.204,7.19363,1077,'2014-03-26 23:48:39'),(363,-1474.26,343.059,7.1875,1508,'2014-03-27 15:40:16'),(364,-1459.22,341.615,7.1875,1008,'2014-03-26 23:48:41'),(365,-1433.4,341.801,7.1875,783,'2014-03-26 23:48:58'),(366,-1392,341.768,7.1875,834,'2014-03-26 23:48:48'),(367,-1370.76,342.25,7.1875,891,'2014-03-26 23:48:45'),(368,-1336.46,338.38,7.19363,1016,'2014-03-26 23:48:40'),(369,-1377.54,327.38,7.1875,725,'2014-03-26 23:48:44'),(370,-1477.13,326.912,7.1875,1029,'2014-03-26 23:48:39'),(371,-1564.82,284.531,7.1875,798,'2014-03-26 23:48:54'),(372,-1564.58,313.914,7.1875,1001,'2014-03-26 23:48:45'),(373,-1379.65,493.823,27.6945,1036,'2014-03-26 23:48:49'),(374,-1346.7,491.578,18.2344,NULL,'0000-00-00 00:00:00'),(375,-1371.07,499.507,11.1953,1169,'2014-03-26 23:48:45'),(376,-1346.29,492.218,11.2027,1163,'2014-03-26 23:48:38'),(377,-1322.74,490.659,11.1953,1164,'2014-03-26 23:48:53'),(378,-1317.38,491.045,11.1953,1160,'2014-03-26 23:48:56'),(379,-1303.14,490.077,11.1953,1144,'2014-03-26 23:48:37'),(380,-1291.8,491.33,11.1953,1037,'2014-03-26 23:48:39'),(381,-1333.16,516.56,11.1971,1156,'2014-03-26 23:48:39'),(382,-1364.46,515.887,11.1971,1153,'2014-03-26 23:48:51'),(383,-1448.22,508.95,10.0009,1026,'2014-03-26 23:48:44'),(384,-1423.24,513.189,10.0156,1151,'2014-03-26 23:48:56'),(385,-1462.21,513.164,3.04138,1325,'2014-03-26 23:48:45'),(386,-2277.14,829.518,53.7692,NULL,'2014-03-27 15:45:13'),(387,-2192.25,796.929,55.2729,1114,'2014-03-26 23:48:47'),(388,-2192.33,819.583,55.2468,1297,'2014-03-26 23:48:39'),(389,-2173.86,819.838,62.5397,1456,'2014-03-27 19:21:27'),(390,-2649.05,803.684,49.9766,1128,'2014-03-26 23:48:47'),(391,-2670.26,938.238,78.0434,1215,'2014-03-26 23:48:55'),(392,-2665.36,914.39,79.677,1236,'2014-03-26 23:48:55'),(393,-2642.06,934.158,71.9531,899,'2014-03-26 23:48:48'),(394,-2636.84,956.473,70.3722,1179,'2014-03-26 23:48:50'),(395,-2661.81,878.122,79.7738,723,'2014-03-26 23:48:39'),(396,-2679.67,866.432,76.2734,1178,'2014-03-26 23:48:54'),(397,-2711.21,848.632,70.7031,800,'2014-03-26 23:48:52'),(398,-2721.95,854.053,73.9844,1322,'2014-03-26 23:48:45'),(399,-2718.02,823.377,51.3112,871,'2014-03-26 23:48:35'),(400,-2706.45,803.984,49.9766,727,'2014-03-26 23:48:39'),(401,-2684.32,804.244,49.9766,732,'2014-03-26 23:48:51'),(402,-2676.57,788.814,49.9766,1310,'2014-03-26 23:48:56'),(403,-2704.22,782.227,49.9844,992,'2014-03-26 23:48:54'),(404,-2674.38,731.733,27.9531,898,'2014-03-26 23:48:50'),(405,-2652.61,733.055,27.9579,1283,'2014-03-26 23:48:38'),(406,-2570.12,875.43,61.8889,1214,'2014-03-26 23:48:50'),(407,-2546.99,934.274,64.9844,782,'2014-03-26 23:48:35'),(408,-2872.5,701.101,23.4689,969,'2014-03-26 23:48:38'),(409,-2880.98,722.925,29.1583,1860,'2014-03-30 01:50:11'),(410,-2892.43,742.909,29.1719,1229,'2014-03-26 23:48:48'),(411,-2890.24,784.452,35.0312,1202,'2014-03-26 23:48:35'),(412,-2879.02,801.841,35.6003,909,'2014-03-26 23:48:53'),(413,-2863.86,825.789,39.4227,827,'2014-03-26 23:48:49'),(414,-2860.06,875.264,43.9141,NULL,'0000-00-00 00:00:00'),(415,-2850.61,930.667,44.0547,1185,'2014-03-26 23:48:39'),(416,-2853.65,950.756,44.0547,924,'2014-03-26 23:48:36'),(417,-2860.92,966.764,44.0547,940,'2014-03-26 23:48:58'),(418,-2884.85,979.168,40.7188,1023,'2014-03-26 23:48:48'),(419,-2910.45,1034,36.8281,724,'2014-03-26 23:48:45'),(420,-2901.57,1037.63,36.8281,837,'2014-03-26 23:48:59'),(421,-2909.19,1073.96,32.1328,746,'2014-03-26 23:48:57'),(422,-2899.63,1078.31,32.1328,936,'2014-03-26 23:48:56'),(423,-2904.36,1104.23,27.0703,825,'2014-03-26 23:49:00'),(424,-2904,1122.38,27.0703,817,'2014-03-26 23:48:58'),(425,-2932.16,1124.76,27.4062,1206,'2014-03-26 23:48:46'),(426,-2913.56,1171.25,13.6641,1135,'2014-03-26 23:48:58'),(427,-2904.07,1176.24,13.6641,736,'2014-03-26 23:48:55'),(428,-1807.12,1332.16,7.18863,NULL,'2014-03-26 23:36:15'),(429,-1739.46,1235.66,7.54688,1218,'2014-03-26 23:48:46'),(430,-1734.4,1238.24,7.54688,1288,'2014-03-26 23:48:37'),(431,-1726.08,1242.77,7.54688,1233,'2014-03-26 23:48:50'),(432,-1733.19,1233.85,18.3281,1189,'2014-03-26 23:48:44'),(433,-1798.75,1231.86,20.6641,1171,'2014-03-26 23:48:35'),(434,-2048.61,899.944,53.5522,1266,'2014-03-26 23:48:36'),(435,-2105.37,892.72,76.7031,NULL,'0000-00-00 00:00:00'),(436,-2127.67,982.526,80.0078,844,'2014-03-26 23:48:43'),(437,-2127.68,1000.52,80.0078,726,'2014-03-26 23:48:47'),(438,-2169.5,1024.82,80.0078,913,'2014-03-26 23:48:50'),(439,-2198.35,966.597,80,1204,'2014-03-26 23:48:38'),(440,-2198.42,976.488,80,1686,'2014-03-27 22:12:42'),(441,-2291.06,1097.37,82.8125,994,'2014-03-26 23:48:43'),(442,-2307.28,1129.5,56.6409,1078,'2014-03-26 23:48:38'),(443,-1635.8,1394.63,9.7971,1646,'2014-03-27 18:09:16'),(444,-1652.33,1410.98,9.80469,1626,'2014-03-27 18:09:16'),(445,-1675.29,1405.02,12.2031,989,'2014-03-26 23:48:39'),(446,-1681.55,1399.67,12.2031,1109,'2014-03-26 23:48:51'),(447,-1678.93,1378.37,12.3906,1312,'2014-03-26 23:48:52'),(448,-1691.33,1387.89,14.7891,1136,'2014-03-26 23:48:56'),(449,-1702.44,1357.96,17.25,1020,'2014-03-26 23:48:46'),(450,-1704.13,1370.01,7.17219,1183,'2014-03-26 23:48:34'),(451,-1697.81,1365.32,7.17969,1237,'2014-03-26 23:48:53'),(452,-1660.79,1213.12,7.25,NULL,'0000-00-00 00:00:00'),(453,-1648.42,1204.2,13.6719,1219,'2014-03-26 23:48:36'),(454,-1680.02,1210.37,21.1562,1186,'2014-03-26 23:48:56'),(455,-1671.19,1205.25,21.1562,1180,'2014-03-26 23:48:55'),(456,-1658.59,1204.57,21.1562,1298,'2014-03-26 23:48:56'),(457,-1647.47,1204.18,21.1562,1220,'2014-03-26 23:48:47'),(458,-1664.92,1225.67,21.1562,1235,'2014-03-26 23:48:43'),(459,-1614.84,1139.54,7.1875,974,'2014-03-26 23:48:59'),(460,-1614.22,1123.18,7.1875,771,'2014-03-26 23:48:52'),(461,-1552.22,1060.35,7.1875,953,'2014-03-26 23:48:34'),(462,-1509.89,1032.66,7.18455,1012,'2014-03-26 23:48:35'),(463,-1775.98,957.821,24.8828,1051,'2014-03-26 23:48:44'),(464,-1775.96,967.334,24.7344,1228,'2014-03-26 23:48:53'),(465,-1688.13,1058.22,17.5859,NULL,'0000-00-00 00:00:00'),(466,-1782.19,1023.56,25.031,914,'2014-03-26 23:48:42'),(467,-1846.69,1113.87,45.4453,1245,'2014-03-26 23:48:42'),(468,-1873.34,1125.31,45.4453,890,'2014-03-26 23:48:53'),(469,-2155.32,337.569,35.3203,1620,'2014-03-27 18:09:16'),(470,-1861.23,128.97,15.1228,759,'2014-03-26 23:48:35'),(471,-1709.06,404.444,7.41898,1254,'2014-03-26 23:48:38'),(472,-1700.19,424.246,7.54375,1720,'2014-03-30 01:50:10'),(473,-1677.71,438.324,7.17969,807,'2014-03-26 23:48:52'),(474,-1661.85,506.161,37.9703,1025,'2014-03-26 23:48:36'),(475,-1678.88,556.446,38.4283,1075,'2014-03-26 23:48:42'),(476,-2232.63,1256.94,39.1484,1056,'2014-03-26 23:48:44'),(477,-2457.12,1068.32,55.7631,769,'2014-03-26 23:48:34'),(478,-2438.06,1030.24,50.3906,1269,'2014-03-26 23:48:37'),(479,-2449.85,986.935,45.2969,1687,'2014-03-27 22:12:41'),(480,-2450.05,963.719,45.3016,1241,'2014-03-26 23:48:50'),(481,-2419.29,969.274,45.2969,740,'2014-03-26 23:48:59'),(482,-2415.43,972.154,45.2969,NULL,'0000-00-00 00:00:00'),(483,-2356.8,1007.65,50.8984,738,'2014-03-26 23:48:56'),(484,-2347.31,994.947,50.8984,949,'2014-03-26 23:48:42'),(485,-2314.73,1063.03,65.5859,1154,'2014-03-26 23:48:45'),(486,-2302.66,1099.18,80.0078,1317,'2014-03-26 23:48:42'),(487,-2559.97,309.381,15.9453,1307,'2014-03-26 23:48:43'),(488,-2677.74,-222.845,4.62893,1319,'2014-03-26 23:48:42'),(489,-2398.9,-254.063,39.7423,1324,'2014-03-26 23:48:44'),(490,-2536.38,-692.776,139.32,NULL,'0000-00-00 00:00:00'),(491,-2023.15,-481.911,38.7344,873,'2014-03-26 23:48:41'),(492,-2051.37,-481.93,38.7344,957,'2014-03-26 23:48:37'),(493,-2080.37,-482.304,38.7344,790,'2014-03-26 23:48:47'),(494,-2110.75,-448.568,38.7344,1053,'2014-03-26 23:48:44'),(495,-2110.89,-440.861,38.7344,1138,'2014-03-26 23:48:49'),(496,-2148.14,-423.275,35.3359,922,'2014-03-26 23:48:55'),(497,-2064.58,-910.964,32.1719,855,'2014-03-26 23:48:36'),(498,-2098.01,-763.359,32.1719,948,'2014-03-26 23:48:57'),(499,-2066.78,-974.094,32.1719,1268,'2014-03-26 23:48:40'),(500,-2062.02,-959.36,32.1719,789,'2014-03-26 23:48:47'),(501,-2074.04,-942.891,32.1719,1080,'2014-03-26 23:48:38'),(502,-2097.68,-949.874,32.1719,1100,'2014-03-26 23:48:36'),(503,-1417.65,-1545.44,101.758,1094,'2014-03-26 23:48:37'),(504,-1434.14,-1532.9,101.755,1117,'2014-03-26 23:48:36'),(505,-1468.82,-1522.38,101.751,1021,'2014-03-26 23:48:53'),(506,-1464.68,-1487.74,101.758,882,'2014-03-26 23:48:44'),(507,-1441.32,-1446.68,101.922,1073,'2014-03-26 23:48:35'),(508,-1429.22,-1478.05,101.672,988,'2014-03-26 23:48:43'),(509,-1420.03,-1498.67,105.039,818,'2014-03-26 23:48:52'),(510,-1424.91,-1503.3,105.039,954,'2014-03-26 23:49:00'),(511,-1434.11,-1543.03,101.758,741,'2014-03-26 23:48:34'),(512,-1460.07,-1571.09,101.75,1031,'2014-03-26 23:48:42'),(513,-1444.11,-1585.87,101.758,1149,'2014-03-26 23:48:35'),(514,-1438.52,-1586.04,101.758,1152,'2014-03-26 23:48:56'),(515,-1112.42,-1676.87,76.3672,973,'2014-03-26 23:48:41'),(516,-1110.71,-1674.39,76.3672,869,'2014-03-26 23:48:58'),(517,-1114.07,-1635.86,76.3672,915,'2014-03-26 23:48:55'),(518,-1115.41,-1638.79,76.3672,900,'2014-03-26 23:48:54'),(519,-1107.64,-1638.78,76.3672,820,'2014-03-26 23:48:46'),(520,-1116.87,-1616.43,76.3672,1194,'2014-03-26 23:48:46'),(521,-1118.09,-1624.89,76.3739,1134,'2014-03-26 23:48:48'),(522,-399.016,-1435.57,25.7266,1315,'2014-03-26 23:48:52'),(523,-385.676,-1438.67,26.3203,1143,'2014-03-26 23:48:57'),(524,-381.898,-1426.81,26.048,958,'2014-03-26 23:48:35'),(525,-369.479,-1420.68,25.7266,NULL,'2014-03-28 23:49:11'),(526,-364.687,-1418.78,25.7266,1247,'2014-03-26 23:48:51'),(527,-364.165,-1423.8,25.7266,1850,'2014-03-30 01:50:12'),(528,-366.513,-1429.78,25.7266,1272,'2014-03-26 23:48:51'),(529,-401.289,-1417.67,25.7209,876,'2014-03-26 23:48:47'),(530,-408.527,-1426.05,25.9906,1072,'2014-03-26 23:48:48'),(531,-706.429,-1420.1,60.4579,799,'2014-03-26 23:48:37'),(532,-714.97,-1611.75,53.8581,831,'2014-03-26 23:48:53'),(533,-754.577,-1418.78,85.5567,776,'2014-03-26 23:48:55'),(534,-346.511,-1046.39,59.8125,1009,'2014-03-26 23:48:50'),(535,-383.863,-1040.53,58.89,1002,'2014-03-26 23:48:36'),(536,-372.006,-1041.1,59.2979,808,'2014-03-26 23:48:53'),(537,-67.6752,-1145.24,1.07812,908,'2014-03-26 23:48:59'),(538,-62.1682,-1121.72,1.3009,1242,'2014-03-26 23:48:41'),(539,-71.788,-1108.4,1.07812,1692,'2014-03-30 01:50:12'),(540,-74.5623,-1107.11,1.07812,1076,'2014-03-26 23:48:52'),(541,-79.7995,-1169.89,2.16697,1833,'2014-03-30 01:50:12'),(542,-67.727,-1172.31,1.87553,NULL,'2014-03-28 01:25:38'),(543,-82.7497,-1202.92,2.89062,865,'2014-03-26 23:48:56'),(544,-85.6143,-1217.84,2.70058,NULL,'0000-00-00 00:00:00'),(545,-88.1759,-1212.32,2.89062,1210,'2014-03-26 23:48:51'),(546,-261.976,-2182.86,28.9678,NULL,'0000-00-00 00:00:00'),(547,-250.172,-2195.13,29.0603,812,'2014-03-26 23:48:38'),(548,-266.389,-2213.97,29.042,867,'2014-03-26 23:48:40'),(549,-268.823,-2214.89,29.042,1724,'2014-03-30 01:50:11'),(550,-283.397,-2171.63,28.6432,896,'2014-03-26 23:48:54'),(551,-321.588,-2186.18,28.7408,NULL,'2014-03-28 01:23:35'),(552,-3.42016,-2503.72,36.6555,NULL,'2014-03-31 00:26:34'),(553,-8.60829,-2495.14,36.6484,1871,'2014-03-30 01:50:12'),(554,-13.757,-2487.92,36.6484,950,'2014-03-26 23:48:59'),(555,-21.4809,-2528.77,36.6484,1703,'2014-03-30 01:50:10'),(556,34.4358,-2650.06,40.7285,1802,'2014-03-30 01:50:12'),(557,33.9426,-2645.48,40.7285,NULL,'2014-03-27 21:33:21'),(558,23.0943,-2646.22,40.4623,NULL,'2014-03-31 00:24:27'),(559,-105.546,-2866.47,39.4609,828,'2014-03-26 23:48:41'),(560,-403.876,-2815.11,46.129,1865,'2014-03-30 01:50:10'),(561,-862.427,-2805.15,70.6646,1737,'2014-03-30 01:50:11'),(562,-1561.86,-2733.73,48.7435,1816,'2014-03-30 01:50:09'),(563,-1567.72,-2730.1,48.7435,1752,'2014-03-30 01:50:09'),(564,-1561.04,-2716.74,48.538,NULL,'2014-03-27 17:26:03'),(565,-1558.75,-2722.65,48.7435,1888,'2014-03-30 01:50:09'),(566,-1623.63,-2693.86,48.7427,NULL,'2014-03-30 20:54:20'),(567,-1990.82,-2388.1,30.625,1675,'2014-03-27 22:12:42'),(568,-1971.04,-2431.4,30.625,NULL,'2014-03-28 00:52:24'),(569,-2051.76,-2366.85,30.6318,NULL,'2014-03-27 21:26:10'),(570,-2131.89,-2380.47,30.625,887,'2014-03-26 23:48:42'),(571,-2149.72,-2396.36,30.625,840,'2014-03-26 23:48:47'),(572,-2133.45,-2432,30.625,1690,'2014-03-30 01:50:10'),(573,-2114.4,-2459.08,30.625,1672,'2014-03-27 22:12:42'),(574,-2091.31,-2465.54,30.625,NULL,'2014-03-27 21:24:58'),(575,-2093.45,-2463.91,30.625,1655,'2014-03-28 01:55:19'),(576,-2095.64,-2462.15,30.625,NULL,'2014-03-27 21:12:14'),(577,-2070.46,-2495.32,31.0668,NULL,'2014-03-29 21:29:34'),(578,-2058.24,-2503.07,31.0668,NULL,'2014-03-29 21:29:11'),(579,-2045.08,-2523.39,31.0668,NULL,'2014-03-29 21:29:25'),(580,-2053.66,-2544.3,31.0668,1273,'2014-03-26 23:48:40'),(581,-2069.82,-2561.57,31.0668,1757,'2014-03-30 01:50:12'),(582,-2074.8,-2526.84,31.0668,1832,'2014-03-30 01:50:11'),(583,-2088.26,-2510.77,31.0668,1864,'2014-03-30 01:50:12'),(584,-2101.59,-2532.03,31.0668,1806,'2014-03-30 01:50:12'),(585,-2127.72,-2501.39,30.6172,1677,'2014-03-27 22:12:42'),(586,-2134.33,-2504.57,31.8163,1746,'2014-03-30 01:50:10'),(587,-2155.32,-2551.12,30.6172,NULL,'2014-03-31 00:45:34'),(588,-2159.59,-2546.07,31.0674,1855,'2014-03-30 01:50:11'),(589,-2173.03,-2534.7,30.6172,1684,'2014-03-27 22:12:42'),(590,-2181.86,-2531.24,31.1172,1321,'2014-03-26 23:48:51'),(591,-2190.3,-2511.57,31.8163,1878,'2014-03-30 01:50:11'),(592,-2201.78,-2505.17,30.6172,NULL,'2014-03-28 01:43:32'),(593,-2232.93,-2557,31.9219,1665,'2014-03-27 22:12:41'),(594,-2234.24,-2567.94,31.9219,1234,'2014-03-26 23:48:51'),(595,-2248.15,-2312.19,29.663,NULL,'2014-03-27 22:51:04'),(596,-2201.66,-2340.61,30.625,1718,'2014-03-30 01:50:12'),(597,-2191.42,-2327.24,30.625,1857,'2014-03-30 01:50:12'),(598,-2203.3,-2309.56,31.375,843,'2014-03-26 23:48:46'),(599,-2208.97,-2288.02,30.625,1784,'2014-03-30 01:50:12'),(600,-2199.96,-2243.91,33.3203,NULL,'2014-03-31 00:39:18'),(601,-2180.68,-2259.27,33.3203,NULL,'2014-03-31 00:39:46'),(602,-2133.83,-2270.78,37.0929,1320,'2014-03-26 23:48:48'),(603,-2088.58,-2244.03,31.0626,NULL,'2014-03-28 01:43:45'),(604,-2054.47,-2260.87,31.8226,1182,'2014-03-26 23:48:45'),(605,-2091.75,-2285.72,30.625,1285,'2014-03-26 23:48:56'),(606,-2099.73,-2279.88,30.625,NULL,'2014-03-28 01:44:38'),(607,-2078.06,-2313.73,31.1313,963,'2014-03-26 23:48:58'),(608,-2116.34,-2410.39,31.2684,NULL,'0000-00-00 00:00:00'),(609,-2092.85,-2416.97,30.625,851,'2014-03-26 23:49:00'),(610,-2049.74,-2456.52,30.625,1818,'2014-03-30 01:50:11'),(611,-2018.18,-2557.5,31.0139,1323,'2014-03-26 23:48:36'),(612,-1848.05,-1673.22,21.75,1122,'2014-03-26 23:48:43'),(613,-1900.47,-1659.08,23.0156,NULL,'2014-03-28 01:04:52'),(614,-1900.38,-1682.31,23.0156,1046,'2014-03-26 23:48:34'),(615,-1910.88,-1682.47,23.0215,NULL,'2014-03-28 00:59:48'),(616,-1919.28,-1660.46,23.0156,NULL,'2014-03-28 01:04:36'),(617,-1867.55,-1623.94,21.8749,1067,'2014-03-26 23:48:44'),(618,-1868.95,-1607.44,21.7641,1794,'2014-03-30 01:50:12'),(619,-1847.68,-1606.46,21.7641,NULL,'2014-03-28 01:03:33'),(620,-1844.59,-1624.69,21.836,1055,'2014-03-26 23:48:35'),(621,-1814.63,-1613.09,23.0156,NULL,'2014-03-28 01:02:30'),(622,-1725.26,-1649.92,21.75,NULL,'2014-03-28 01:06:45'),(623,-1845.83,-1710.55,41.11,1068,'2014-03-26 23:48:45'),(624,-1845.05,-1707.29,41.1108,747,'2014-03-26 23:48:39'),(625,-1896.4,-1638.18,25.0391,884,'2014-03-26 23:48:50'),(626,-1881.27,-1638.42,25.0391,1770,'2014-03-30 01:50:12'),(627,-2194.66,-1142.62,15.6725,NULL,'2014-03-26 23:36:15'),(628,-2409.61,-2189.53,34.0391,1825,'2014-03-30 01:50:10'),(629,-2411.57,-2172.7,33.2891,NULL,'2014-03-31 00:37:49'),(630,-2405.7,-2208.96,33.2891,NULL,'2014-03-27 21:10:15'),(631,-410.503,-2152.77,83.4453,1040,'2014-03-26 23:48:52'),(632,-441.078,-2143.63,89.7289,1148,'2014-03-26 23:48:57'),(633,-441.729,-2133.82,90.1666,1141,'2014-03-26 23:48:54'),(634,-449.131,-2108.34,88.3138,1170,'2014-03-26 23:48:41'),(635,-460.079,-2097.24,87.2993,1172,'2014-03-26 23:48:53'),(636,-463.559,-2049.6,71.2915,1017,'2014-03-26 23:48:41'),(637,-331.334,-1434.45,15.5417,889,'2014-03-26 23:48:42'),(638,-435.798,-60.3049,58.875,1041,'2014-03-26 23:48:50'),(639,-539.476,-60.9721,62.9922,NULL,'0000-00-00 00:00:00'),(640,-539.604,-74.4088,62.8594,815,'2014-03-26 23:48:42'),(641,-528.447,-102.573,63.2969,1045,'2014-03-26 23:48:49'),(642,-537.218,-102.986,63.2969,1132,'2014-03-26 23:48:44'),(643,-537.807,-98.5689,63.2969,819,'2014-03-26 23:48:41'),(644,-556.633,-197.122,78.4062,826,'2014-03-26 23:48:35'),(645,-547.151,-197.461,78.4062,874,'2014-03-26 23:48:40'),(646,-551.768,-181.439,78.4062,1208,'2014-03-26 23:48:41'),(647,-487.987,-182.085,78.2109,722,'2014-03-26 23:48:49'),(648,-477.086,-179.735,78.2109,730,'2014-03-26 23:48:45'),(649,-472.591,-181.911,78.2109,797,'2014-03-26 23:48:55'),(650,-483.053,-153.168,75.6377,1314,'2014-03-26 23:48:51'),(651,-756.928,-132.616,65.8281,971,'2014-03-26 23:48:52'),(652,-747.882,-130.026,65.8281,777,'2014-03-26 23:48:48'),(653,-61.9419,48.4652,3.11027,854,'2014-03-26 23:48:44'),(654,-44.021,41.1418,4.09546,835,'2014-03-26 23:48:54'),(655,278.819,-52.5397,1.57812,939,'2014-03-26 23:48:52'),(656,265.016,-56.5024,2.77721,838,'2014-03-26 23:48:51'),(657,251.434,-54.195,1.57764,1035,'2014-03-26 23:48:36'),(658,250.465,-50.3156,1.57812,1246,'2014-03-26 23:48:35'),(659,244.19,-47.034,1.57812,1063,'2014-03-26 23:48:51'),(660,245.346,-60.1591,1.57031,897,'2014-03-26 23:48:55'),(661,206.777,-63.4953,1.57812,893,'2014-03-26 23:48:55'),(662,374.741,-78.3691,1.38281,743,'2014-03-26 23:48:34'),(663,371.515,-111.276,1.23363,NULL,'0000-00-00 00:00:00'),(664,358.415,-115.824,1.25428,904,'2014-03-26 23:48:52'),(665,353.76,-115.705,1.25722,761,'2014-03-26 23:48:43'),(666,353.283,-104.485,1.29104,861,'2014-03-26 23:48:49'),(667,316.814,-87.6852,2.5353,1091,'2014-03-26 23:48:42'),(668,313.443,-97.51,3.53539,1032,'2014-03-26 23:48:46'),(669,313.384,-121.268,3.53539,852,'2014-03-26 23:48:57'),(670,307.691,-109.145,3.54179,895,'2014-03-26 23:48:59'),(671,304.367,-121.769,3.53539,1127,'2014-03-26 23:48:42'),(672,274.574,-158.482,1.57045,1118,'2014-03-26 23:48:46'),(673,274.189,-180.683,1.57812,881,'2014-03-26 23:48:51'),(674,274.251,-195.816,1.57045,870,'2014-03-26 23:48:36'),(675,242.288,-178.739,1.57812,1097,'2014-03-26 23:48:41'),(676,241.635,-166.728,1.57812,1115,'2014-03-26 23:48:54'),(677,209.099,-107.682,4.89647,755,'2014-03-26 23:48:40'),(678,195.373,-94.7781,4.89647,972,'2014-03-26 23:48:46'),(679,158.904,-107.544,4.89647,830,'2014-03-26 23:48:56'),(680,-118.6,-320.391,1.42188,NULL,'0000-00-00 00:00:00'),(681,-112.061,-314.304,2.76462,742,'2014-03-26 23:48:47'),(682,-147.584,-314.609,2.76462,750,'2014-03-26 23:48:50'),(683,-156.386,-302.145,1.42969,921,'2014-03-26 23:48:54'),(684,-155.73,-293.831,3.90531,1265,'2014-03-26 23:48:35'),(685,-155.81,-287.734,3.90531,1291,'2014-03-26 23:48:48'),(686,-186.699,-263.494,1.42969,1255,'2014-03-26 23:48:48'),(687,-157.687,-249.731,1.42969,1070,'2014-03-26 23:48:50'),(688,-108.833,-221.42,1.42188,864,'2014-03-26 23:48:42'),(689,-109.074,-231.837,1.42969,849,'2014-03-26 23:48:59'),(690,659.907,-522.087,16.3359,877,'2014-03-26 23:48:58'),(691,663.959,-551.815,16.3359,1232,'2014-03-26 23:48:44'),(692,660.238,-573.581,16.3359,927,'2014-03-26 23:48:53'),(693,668.99,-579.495,16.3359,748,'2014-03-26 23:48:49'),(694,756.247,-581.059,17.3359,1296,'2014-03-26 23:48:45'),(695,759.433,-590.996,18.0133,960,'2014-03-26 23:48:37'),(696,794.087,-507.71,18.0129,721,'2014-03-26 23:48:37'),(697,821.32,-642.497,16.3359,910,'2014-03-26 23:48:45'),(698,812.033,-767.291,76.564,1275,'2014-03-26 23:48:48'),(699,809.054,-759.305,76.5314,784,'2014-03-26 23:48:40'),(700,848.731,-745.206,94.9693,941,'2014-03-26 23:48:55'),(701,898.668,-677.813,116.89,824,'2014-03-26 23:48:58'),(702,1086.56,-641.154,113.275,1299,'2014-03-26 23:48:41'),(703,1094.91,-646.634,113.648,951,'2014-03-26 23:48:56'),(704,1331.14,-631.857,109.135,968,'2014-03-26 23:48:44'),(705,1353.62,-629.408,109.133,1197,'2014-03-26 23:48:48'),(706,1366.39,248.917,19.5669,885,'2014-03-26 23:48:59'),(707,1318.92,226.818,19.5547,902,'2014-03-26 23:48:36'),(708,1289.43,270.366,19.5547,767,'2014-03-26 23:48:50'),(709,1296.76,287.288,19.5469,916,'2014-03-26 23:48:57'),(710,1359.02,237.853,19.5669,1140,'2014-03-26 23:48:37'),(711,1366.3,248.82,19.5669,952,'2014-03-26 23:48:35'),(712,1374.45,475.472,20.0501,1278,'2014-03-26 23:48:45'),(713,1901.76,160.799,37.1406,903,'2014-03-26 23:48:46'),(714,1917.54,174.312,37.2756,1244,'2014-03-26 23:48:56'),(715,2204.69,62.2701,28.4416,1147,'2014-03-26 23:48:53'),(716,2207.2,54.7023,27.5624,1199,'2014-03-26 23:48:42'),(717,2245.58,49.8452,26.4844,964,'2014-03-26 23:48:53'),(718,2278.46,50.6362,26.4844,906,'2014-03-26 23:48:43'),(719,2281.87,61.9694,26.4844,749,'2014-03-26 23:48:57'),(720,2275.49,65.4823,26.4844,752,'2014-03-26 23:48:52'),(721,2260.84,63.371,26.4844,735,'2014-03-26 23:48:40'),(722,2263.94,60.1416,26.4844,821,'2014-03-26 23:48:41'),(723,2330.5,43.2859,32.9884,1309,'2014-03-26 23:48:42'),(724,2324.76,116.039,28.4416,734,'2014-03-26 23:48:46'),(725,2318.77,-91.1436,26.4844,947,'2014-03-26 23:48:52'),(726,2553.73,9.57267,27.0423,1195,'2014-03-26 23:48:57'),(727,2492.31,133.414,27.0619,1187,'2014-03-26 23:48:40'),(728,2481.58,126.296,27.6756,1280,'2014-03-26 23:48:42'),(729,2503.62,134.536,26.4766,1203,'2014-03-26 23:48:49'),(730,2328.47,199.242,27.356,1129,'2014-03-26 23:48:43'),(731,2362.83,187.173,28.4416,847,'2014-03-26 23:48:36'),(732,2438.87,-68.5365,28.154,959,'2014-03-26 23:48:58'),(733,1548.92,13.4543,24.1439,981,'2014-03-26 23:48:34'),(734,1568.03,30.7076,24.1641,NULL,'0000-00-00 00:00:00'),(735,1587.45,25.2883,24.1412,1193,'2014-03-26 23:48:56'),(736,1590.77,27.0431,24.3851,1211,'2014-03-26 23:48:46'),(737,1587.87,33.5401,24.5777,1230,'2014-03-26 23:48:43'),(738,1051.89,-344.286,73.9922,1145,'2014-03-26 23:48:38'),(739,1072.22,-344.312,73.9922,956,'2014-03-26 23:48:40'),(740,824.814,-575.667,16.3359,1105,'2014-03-26 23:48:50'),(741,813.527,-564.57,16.3359,1120,'2014-03-26 23:48:42'),(742,806.889,-538.865,16.3359,857,'2014-03-26 23:48:47'),(743,818.46,-510.895,18.0129,1082,'2014-03-26 23:48:51'),(744,153.1,-1959.8,3.77344,1038,'2014-03-26 23:48:49'),(745,-2808.31,-1517.28,140.844,1159,'2014-03-26 23:48:44'),(746,-2809,-1528.72,140.844,1155,'2014-03-26 23:48:42'),(747,-2813.43,-1517.22,140.844,1166,'2014-03-26 23:48:53'),(748,-2818.26,-1516.9,140.844,1162,'2014-03-26 23:48:55'),(749,-2817.66,-1528.04,140.844,1165,'2014-03-26 23:48:55'),(750,-2823.93,-1522.89,139.289,1004,'2014-03-26 23:48:48'),(751,-2809.13,-1529.18,144.058,1304,'2014-03-26 23:48:39'),(752,-2884.91,-1507.15,136.53,1011,'2014-03-26 23:48:56'),(753,-2631.54,1427.02,7.09375,1116,'2014-03-26 23:48:34'),(754,-2684.75,1430.84,7.09375,1087,'2014-03-26 23:48:36'),(755,-2685.85,1417.37,7.09375,1176,'2014-03-26 23:48:35'),(756,-2705.05,1504.99,1.80903,1027,'2014-03-26 23:48:44'),(757,-2062.23,1434.48,7.10067,1161,'2014-03-26 23:48:57'),(758,-2093.85,1435.16,7.10156,1168,'2014-03-26 23:48:58'),(759,-1854.51,1302.91,59.7344,1139,'2014-03-26 23:48:44'),(760,-1863.74,1282.38,62.4844,923,'2014-03-26 23:48:54'),(761,-1762.83,1296.71,62.4844,1318,'2014-03-26 23:48:52'),(762,-2563.85,-122.06,9.46245,1289,'2014-03-27 00:26:01'),(763,-2527.72,-121.262,20.4044,1572,'2014-03-27 01:35:16'),(764,-2509.29,-113.619,25.6172,1190,'2014-03-27 17:37:32'),(765,-2494.6,-39.5899,25.7656,1376,'2014-03-27 01:35:15'),(766,-2494.88,-17.3749,25.7656,886,'2014-03-27 00:26:03'),(767,-2509.28,10.0785,25.7609,1375,'2014-03-27 01:35:23'),(768,-2508.76,25.712,25.6348,1415,'2014-03-27 01:35:22'),(769,-2552.33,54.046,16.4219,1257,'2014-03-27 00:26:01'),(770,-2537.93,64.5351,9.46277,1022,'2014-03-27 00:26:00'),(771,-2537.28,36.0431,8.55755,1030,'2014-03-27 00:26:00'),(772,-2491.56,-4.66513,25.7656,1329,'2014-03-27 01:35:22'),(773,-2492.34,-16.6336,25.7656,1706,'2014-03-30 01:50:11'),(774,-2347.15,-61.607,35.3203,1404,'2014-03-27 01:35:20'),(775,-2315.08,-12.3705,35.3203,1710,'2014-03-30 01:50:12'),(776,-2273.18,41.6023,35.3125,1377,'2014-03-27 01:35:22'),(777,-2230.28,101.643,35.3203,1588,'2014-03-27 01:35:20'),(778,-2244.77,122.493,35.3203,1552,'2014-03-27 01:35:16'),(779,-2244.16,145.461,35.3203,1843,'2014-03-30 01:50:12'),(780,-2198.42,146.655,35.3865,1221,'2014-03-27 00:26:03'),(781,-2180.92,200.731,35.3203,1419,'2014-03-27 01:35:23'),(782,-2169.39,251.119,35.3307,1347,'2014-03-27 01:35:21'),(783,-2170.42,259.875,35.3277,1781,'2014-03-30 01:50:12'),(784,-2193.84,327.856,35.3203,1200,'2014-03-27 17:40:43'),(785,-2224.1,330.841,35.3203,1367,'2014-03-27 01:35:16'),(786,-2214.47,496.104,35.1719,1276,'2014-03-27 00:26:01'),(787,-2157.17,496.027,35.1719,1225,'2014-03-27 00:26:03'),(788,-2129.88,541.823,35.1719,1270,'2014-03-27 00:26:01'),(789,-2126.06,577.191,35.1719,765,'2014-03-27 00:26:03'),(790,-2195.37,577.119,35.1719,892,'2014-03-27 00:26:00'),(791,-2222.62,609.991,35.1641,1059,'2014-03-27 00:26:01'),(792,-2277.21,587.79,37.2026,1066,'2014-03-27 00:26:00'),(793,-2277.4,644.568,49.4453,1090,'2014-03-27 00:26:02'),(794,-2243.84,674.203,49.4453,1454,'2014-03-27 01:35:23'),(795,-2243.25,706.817,49.4453,1427,'2014-03-27 01:35:22'),(796,-2278.59,690.954,49.4453,1374,'2014-03-27 01:35:14'),(797,-2277.61,707.17,49.4453,1198,'2014-03-27 00:26:00'),(798,-2300.33,722.024,49.4177,1058,'2014-03-27 00:26:01'),(799,-2341.34,729.412,42.8542,1052,'2014-03-27 00:26:03'),(800,-2369.84,734.826,35.1719,1664,'2014-03-27 22:12:41'),(801,-2442.5,753.672,35.1719,1434,'2014-03-27 01:35:20'),(802,-2456.17,756.765,35.1719,804,'2014-03-27 00:26:03'),(803,-2538.72,728.669,28.5639,1101,'2014-03-27 00:26:02'),(804,-2539.51,763.201,38.2238,1093,'2014-03-27 00:26:02'),(805,-2545.73,797.008,49.8348,1126,'2014-03-27 00:26:02'),(806,-2551.9,818.609,49.991,1175,'2014-03-27 00:26:01'),(807,-2572.69,818.782,49.991,1449,'2014-03-27 01:35:18'),(808,-2582.32,796.083,49.6899,1378,'2014-03-27 01:35:20'),(809,-2587.55,818.971,49.9844,1578,'2014-03-27 01:35:18'),(810,-2620.21,798.971,49.9379,878,'2014-03-27 00:26:00'),(811,-2598.5,778.615,43.8075,1544,'2014-03-27 01:35:20'),(812,-2620.94,762.328,36.9231,1256,'2014-03-27 00:26:00'),(813,-2595.65,728.266,28.5556,1583,'2014-03-27 01:35:21'),(814,-2638.73,730.579,30.0757,1123,'2014-03-27 00:26:02'),(815,-2668.78,720.868,27.9475,1412,'2014-03-27 01:35:20'),(816,-2669.49,696.748,27.9198,1019,'2014-03-27 00:26:02'),(817,-2703.04,721.957,37.5456,1573,'2014-03-27 01:35:20'),(818,-2735.27,721.818,41.2734,1201,'2014-03-27 00:26:03'),(819,-2867.77,839.127,39.5078,1582,'2014-03-27 01:35:19'),(820,-2863.42,862.061,43.9141,1577,'2014-03-27 01:35:18'),(821,-2852.62,920.471,44.0547,1216,'2014-03-27 00:26:02'),(822,-2862.49,947.654,44.0547,1416,'2014-03-27 01:35:23'),(823,-2883.98,995.917,40.7188,1432,'2014-03-27 01:35:18'),(824,-2908.79,1054.35,32.1328,1238,'2014-03-27 00:26:02'),(825,-2907.88,1128.05,26.317,737,'2014-03-27 00:26:02'),(826,-2906.78,1148.13,13.6641,1392,'2014-03-27 01:35:21'),(827,-2235.31,875.351,66.6431,1430,'2014-03-27 01:35:19'),(828,-2235.58,893.8,66.6538,1556,'2014-03-27 01:35:17'),(829,-2211.13,904.871,68.9083,1570,'2014-03-27 15:44:33'),(830,-2174.16,932.58,80,1293,'2014-03-27 15:44:13'),(831,-2178.88,905.168,79.5205,805,'2014-03-27 00:26:01'),(832,-2116.94,926.077,86.0791,1173,'2014-03-27 00:26:00'),(833,-2158.75,978.498,80.0068,1536,'2014-03-27 01:35:17'),(834,-2159.07,965.582,80,1340,'2014-03-27 01:35:20'),(835,-2159.09,1043.84,80.0078,926,'2014-03-27 00:26:01'),(836,-2127.85,1050.89,80.0078,1391,'2014-03-27 01:35:15'),(837,-2127.35,1073.99,80.0078,1326,'2014-03-27 01:35:21'),(838,-2158.58,1067.03,80.0078,990,'2014-03-27 00:26:00'),(839,-2172.76,1081.49,80.0078,813,'2014-03-27 00:26:01'),(840,-2168.23,1106.82,80.0078,822,'2014-03-27 00:26:00'),(841,-2207.9,1107.06,80.0078,1379,'2014-03-27 01:35:23'),(842,-2209.65,1080.87,80.0078,1403,'2014-03-27 01:35:16'),(843,-2204.28,1080.94,80.0131,1564,'2014-03-27 01:35:17'),(844,-2223.08,1081.27,80.0078,1181,'2014-03-27 00:26:03'),(845,-2227.88,1081.02,80.0078,1440,'2014-03-27 01:35:22'),(846,-2228.1,1106.75,80.0078,1405,'2014-03-27 01:35:23'),(847,-2233.36,1106.73,80.0008,1553,'2014-03-27 01:35:18'),(848,-2281.43,1089,80.2826,983,'2014-03-27 00:26:02'),(849,-2280.98,1069.74,81.58,NULL,'2014-03-27 21:32:03'),(850,-2241.43,1054.16,82.9582,1015,'2014-03-27 00:26:02'),(851,-2241.18,1042.75,83.8499,996,'2014-03-27 00:26:01'),(852,-2281.05,1023.19,83.9961,1096,'2014-03-27 00:26:00'),(853,-2281.03,979.31,70.874,1689,'2014-03-27 22:12:42'),(854,-2288.43,968.9,65.7619,1207,'2014-03-27 00:26:02'),(855,-2312.91,947.72,59.7242,1191,'2014-03-27 00:26:02'),(856,-2354.34,1002.63,50.8984,938,'2014-03-27 00:26:01'),(857,-2356.5,1014.85,50.8984,1344,'2014-03-27 01:35:19'),(858,-2418.89,973.761,45.2969,1342,'2014-03-27 01:35:22'),(859,-2401.3,935.856,45.4453,1092,'2014-03-27 00:26:00'),(860,-2375.93,931.535,45.4453,1047,'2014-03-27 00:26:02'),(861,-2375.92,910.626,45.4453,1074,'2014-03-27 00:26:01'),(862,-2464.01,896.979,62.9935,1069,'2014-03-27 00:26:01'),(863,-2487.99,919.804,64.1337,1086,'2014-03-27 00:26:02'),(864,-2487.81,896.453,64.1301,832,'2014-03-27 00:26:00'),(865,-2503.36,896.208,65.1495,1410,'2014-03-27 01:35:20'),(866,-2542.81,922.344,67.0938,836,'2014-03-27 00:26:02'),(867,-2579,929.585,64.9844,995,'2014-03-27 00:26:00'),(868,-2580.43,983.114,78.2734,1223,'2014-03-27 00:26:01'),(869,-2550.97,984.145,78.2734,998,'2014-03-27 00:26:01'),(870,-2580.28,993.264,78.2734,1085,'2014-03-27 00:26:02'),(871,-2512.66,1004.77,78.337,1099,'2014-03-27 00:26:00'),(872,-2480.91,1067.09,55.7386,1089,'2014-03-27 00:26:01'),(873,-2471.56,1141.37,55.7333,975,'2014-03-27 00:26:03'),(874,-2485.6,1140.71,55.7266,1409,'2014-03-27 01:35:23'),(875,-2499.57,1140.67,55.7266,1330,'2014-03-27 01:35:22'),(876,-2527.18,1140.85,55.7266,961,'2014-03-27 00:26:01'),(877,-2551.58,1148.58,55.7266,1062,'2014-03-27 00:26:02'),(878,-2533.94,1151.4,55.5665,1054,'2014-03-27 00:26:00'),(879,-1865.61,1077.02,46.0839,1426,'2014-03-27 01:35:23'),(880,-1860.98,1114.81,45.4453,1370,'2014-03-27 01:35:22'),(881,-1784.43,1211.02,32.6562,1460,'2014-03-27 15:40:14'),(882,-1754.84,1304.68,55.7344,1464,'2014-03-27 01:35:19'),(883,-1985.26,641.087,46.5683,1034,'2014-03-27 01:06:18'),(884,-1963.88,640.445,46.5625,1587,'2014-03-27 01:35:17'),(885,-1919.53,647.782,46.5625,1506,'2014-03-27 01:35:19'),(886,-1918.51,670.822,46.5625,1566,'2014-03-27 01:35:18'),(887,-1916.35,701.126,46.5625,1488,'2014-03-27 01:35:18'),(888,-1885.59,717.334,45.4506,1504,'2014-03-27 01:35:16'),(889,-1832.89,672.45,30.4313,1024,'2014-03-27 01:06:18'),(890,-1783.52,572.584,35.1641,1537,'2014-03-27 01:35:15'),(891,-1805.41,532.429,35.1668,1496,'2014-03-27 01:35:18'),(892,-2057.93,229.896,35.6245,1819,'2014-03-30 01:50:12'),(893,-1941.48,252.608,47.7031,976,'2014-03-27 01:06:18'),(894,-1963.7,283.446,35.4739,1559,'2014-03-27 18:03:37'),(895,-1958.23,260.974,41.0471,1590,'2014-03-27 01:35:21'),(896,-1943.18,254.366,41.0471,1539,'2014-03-27 01:35:18'),(897,-1942.97,275.905,41.0471,1560,'2014-03-27 18:03:37'),(898,-1958.17,300.652,41.0471,1567,'2014-03-28 00:30:39'),(899,-1951.65,305.288,41.0471,1558,'2014-03-27 01:35:19'),(900,-1953.14,305.316,35.4688,NULL,'2014-03-28 01:29:48'),(901,-1963.16,307.095,35.4739,1547,'2014-03-27 01:35:18'),(902,-1964.19,296.868,35.4688,1541,'2014-03-27 01:35:17'),(903,-1556.13,96.9679,9.59414,1336,'2014-03-27 01:35:17'),(904,-1475.97,149.858,18.7734,1042,'2014-03-27 01:06:19'),(905,-1494.34,142.406,17.3281,1505,'2014-03-27 01:35:19'),(906,-1490.23,138.127,17.3281,1486,'2014-03-27 01:35:19'),(907,-1484.67,123.127,17.3281,1475,'2014-03-27 01:35:21'),(908,-1493.79,122.22,17.3281,1473,'2014-03-27 01:35:18'),(909,-1502.94,129.679,17.3281,1476,'2014-03-27 01:35:18'),(910,-1393.15,494.069,19.5078,1462,'2014-03-27 01:35:16'),(911,-1468.53,513.779,13.1086,1531,'2014-03-27 01:35:17'),(912,-1380.06,503.336,3.03906,1528,'2014-03-27 01:35:14'),(913,-1378.44,511.628,3.03906,1468,'2014-03-27 01:35:16'),(914,-1414.24,506.458,5.04252,1523,'2014-03-27 01:35:17'),(915,-1396.56,497.945,5.04252,1158,'2014-03-27 01:06:18'),(916,-1900.67,155.56,27.5625,1028,'2014-03-27 01:06:19'),(917,-1681.85,582.188,24.8906,984,'2014-03-27 01:06:19'),(918,-1619.83,692.436,7.1875,1458,'2014-03-27 01:35:21'),(919,-1616.38,686.438,7.1875,1522,'2014-03-27 01:35:18'),(920,-1617.11,729.993,-5.24219,1682,'2014-03-27 22:12:41'),(921,-1589.99,716.27,-5.24219,NULL,'0000-00-00 00:00:00'),(922,-1620.1,650.074,-5.24219,1594,'2014-03-27 01:35:21'),(923,-1800.99,750.076,24.8906,1311,'2014-03-27 01:06:18'),(924,-1781.6,762.245,24.8906,1546,'2014-03-27 01:35:22'),(925,-1776.02,762.685,24.8906,1489,'2014-03-27 01:35:20'),(926,-1745.29,770.13,24.8906,1447,'2014-03-27 01:35:16'),(927,-1738.45,789.085,24.8921,1549,'2014-03-27 01:35:19'),(928,-1743.59,810.139,24.8906,1500,'2014-03-27 01:35:17'),(929,-1754.94,813.194,24.8906,1443,'2014-03-27 01:35:18'),(930,-1773.65,882.235,25.0859,1119,'2014-03-27 01:06:18'),(931,-1809.41,943.27,24.8712,1384,'2014-03-27 01:35:14'),(932,-1807.82,944.99,24.8906,1401,'2014-03-27 01:35:15'),(933,-1805.07,946.102,24.8906,1390,'2014-03-27 01:35:14'),(934,-1805.51,948.662,24.8906,1398,'2014-03-27 01:35:19'),(935,-1697.25,951.359,24.8906,1554,'2014-03-27 01:35:14'),(936,-1693.84,948.522,24.8906,1557,'2014-03-27 01:35:20'),(937,-1731.41,1025.61,45.0064,1361,'2014-03-27 01:35:21'),(938,-1698.19,1035.38,45.2109,1364,'2014-03-27 01:35:17'),(939,-1725.35,1041.67,45.2109,1584,'2014-03-27 01:35:19'),(940,-1725.91,1049.59,45.2109,1363,'2014-03-27 01:35:15'),(941,-1703.31,1068.67,45.2109,1451,'2014-03-27 01:35:17'),(942,-1732.33,1113.6,45.4453,1479,'2014-03-27 01:35:15'),(943,-1818.14,1312.54,19.2539,1394,'2014-03-27 01:35:15'),(944,-1812.27,1313.13,19.2422,1349,'2014-03-27 01:35:15'),(945,-2158.15,-6.19917,35.3203,1540,'2014-03-27 01:35:19'),(946,-2176.37,0.644175,35.3203,1503,'2014-03-27 01:35:22'),(947,-2175.35,-42.2406,35.3125,1490,'2014-03-27 01:35:15'),(948,-2160.49,-51.5861,35.3203,1555,'2014-03-27 01:35:17'),(949,-2147.64,-185.419,35.3203,1389,'2014-03-27 01:35:23'),(950,-2181.99,-272.684,35.3203,1411,'2014-03-27 01:35:16'),(951,-2192.51,-255.944,35.3203,1424,'2014-03-27 01:35:17'),(952,-2192.82,-217.993,35.3203,1437,'2014-03-27 01:35:15'),(953,-2185.14,-202.652,35.3265,1589,'2014-03-27 01:35:22'),(954,-2171.29,-238.039,36.5156,1463,'2014-03-27 01:35:19'),(955,-2188.05,-253.827,40.7195,1142,'2014-03-27 01:06:19'),(956,-2187.98,-242.216,40.7195,1532,'2014-03-27 01:35:22'),(957,-2188.41,-268.508,40.7195,1487,'2014-03-27 01:35:16'),(958,-2169.97,-268.678,40.7195,1519,'2014-03-27 01:35:20'),(959,-2140.83,-268.871,40.7195,1301,'2014-03-27 01:06:18'),(960,-2140.72,-254.11,40.7195,1498,'2014-03-27 01:35:20'),(961,-2141.12,-233.16,36.5156,1551,'2014-03-27 01:35:20'),(962,-2569.22,-263.842,21.1294,1007,'2014-03-27 01:06:18'),(963,-2563.6,-230.811,21.2191,1497,'2014-03-27 01:35:15'),(964,-2550.07,-231.272,21.3947,1491,'2014-03-27 01:35:16'),(965,-2621.31,-198.077,4.33594,1571,'2014-03-27 01:35:15'),(966,-2619.82,-191.083,4.33594,1393,'2014-03-27 01:35:15'),(967,-2617.71,-178.804,4.33594,1417,'2014-03-27 01:35:19'),(968,-2621.21,-169.538,4.34258,1585,'2014-03-27 01:35:19'),(969,-2617.76,-159.231,4.33594,1548,'2014-03-27 01:35:15'),(970,-2591,-158.655,4.31162,1679,'2014-03-27 22:12:42'),(971,-2592.31,-190.618,4.26497,1680,'2014-03-27 22:12:42'),(972,-1228.34,52.8928,17.6478,1039,'2014-03-27 01:06:18'),(973,-1252.79,48.2729,14.1361,1477,'2014-03-27 01:35:16'),(974,-1255.15,64.833,14.1484,1526,'2014-03-27 01:35:17'),(975,-1181.99,62.2175,1.96094,1470,'2014-03-27 01:35:21'),(976,-1180.17,60.1786,1.96094,1150,'2014-03-27 01:06:18'),(977,-1178.66,57.5592,1.96094,1524,'2014-03-27 01:35:21'),(978,-1176.68,57.3642,1.96094,1521,'2014-03-27 01:35:19'),(979,-1080.35,-207.101,1.96094,1533,'2014-03-27 01:35:14'),(980,-1078.22,-212.505,1.96094,1167,'2014-03-27 01:06:18'),(981,-1404.07,-542.124,14.1719,1010,'2014-03-27 01:06:18'),(982,-1385.84,-631.111,14.1484,1515,'2014-03-27 01:35:19'),(983,-1404.56,-632.488,14.1484,1501,'2014-03-27 01:35:21'),(984,-1260.07,-628.217,14.1484,1483,'2014-03-27 01:35:21'),(985,-1277.68,-632.275,14.1484,1511,'2014-03-27 01:35:21'),(986,-1352.22,-459.394,14.1776,1306,'2014-03-27 01:06:18'),(987,-1394.55,-480.825,14.1719,1510,'2014-03-27 01:35:19'),(988,-1372.74,-374.596,14.1484,1516,'2014-03-27 01:35:17'),(989,-1723.2,-600.826,14.1484,1512,'2014-03-27 01:35:17'),(990,-1690.92,-630.881,14.1484,1406,'2014-03-27 01:35:16'),(991,-1733.74,-743.13,34.726,1593,'2014-03-27 01:35:14'),(992,-2885.97,-1704.88,22.128,1872,'2014-03-30 01:50:09'),(993,-2994.23,470.784,4.91406,1799,'2014-03-30 01:50:11'),(994,-2989.27,483.278,4.91406,1444,'2014-03-27 01:35:21'),(995,8.28241,-2769.8,40.8264,1333,'2014-03-27 01:35:20'),(996,8.82638,-2760.44,40.8454,1362,'2014-03-27 01:35:23'),(997,-2140.64,-2759.72,39.9071,1413,'2014-03-27 01:35:23'),(998,-2163.05,-2758.3,37.2501,1359,'2014-03-27 01:35:18'),(999,-2640.7,-2187.58,2.22341,1803,'2014-03-30 01:50:10'),(1000,-2599.72,-2190.59,27.1268,1345,'2014-03-27 01:35:22'),(1001,-254.465,-2015.88,31.7468,1435,'2014-03-27 01:35:16'),(1002,-251.288,-2030.25,32.877,1827,'2014-03-30 01:50:12'),(1003,-242.93,-1757.94,5.45267,1436,'2014-03-27 01:35:22'),(1004,-243.046,-1744.23,4.43778,1846,'2014-03-30 01:50:10'),(1005,-245.012,-1775.76,7.44106,1798,'2014-03-30 01:50:10'),(1006,-251.311,-1779.45,8.06952,1869,'2014-03-30 01:50:11'),(1007,-249.772,-1785.69,9.03586,1870,'2014-03-30 01:50:10'),(1008,-252.165,-1792.35,10.385,1776,'2014-03-30 01:50:11'),(1009,-2508.69,-2681.25,42.6018,1790,'2014-03-30 01:50:10'),(1010,-2502.26,-2691.16,42.3868,NULL,'2014-03-30 21:33:54'),(1011,-2489.92,-2687.41,44.0263,1707,'2014-03-30 01:50:12'),(1012,-2479.18,-2687.92,44.5894,1446,'2014-03-27 01:35:23'),(1013,-2485.51,-2669.73,44.1045,1425,'2014-03-27 01:35:17'),(1014,-2529.2,-2666.24,40.4698,1867,'2014-03-30 01:50:10'),(1015,-150.81,-2377,31.6993,1418,'2014-03-27 01:35:24'),(1016,-146.882,-2387.51,31.8541,1709,'2014-03-30 01:50:11'),(1017,-136.868,-2391.37,32.6856,1839,'2014-03-30 01:50:11'),(1018,-126.138,-2409.33,33.1185,1735,'2014-03-30 01:50:11'),(1019,-1248.67,-2896.36,61.4924,NULL,'2014-03-30 20:56:24'),(1020,-1261.78,-2901.82,58.7743,1450,'2014-03-27 01:35:21'),(1021,-1275.76,-2909.87,56.0529,NULL,'2014-03-30 20:56:42'),(1022,-1190.16,-2844.72,67.7435,1826,'2014-03-30 01:50:11'),(1023,-1196.93,-2846.75,68.1276,1831,'2014-03-30 01:50:11'),(1024,-1206.75,-2846.05,68.4452,1766,'2014-03-30 01:50:11'),(1025,-2900.68,-1210.61,9.40129,1696,'2014-03-30 01:50:11'),(1026,-2895.09,-1217.45,9.62706,1852,'2014-03-30 01:50:09'),(1027,-2877.36,-1191.22,10.693,1729,'2014-03-30 01:50:11'),(1028,-412.963,-2834.51,46.2976,1433,'2014-03-27 01:35:23'),(1029,-423.766,-2830.49,46.6316,1445,'2014-03-27 01:35:19'),(1030,-435.391,-2827.51,46.9653,1420,'2014-03-27 01:35:14'),(1031,-2709.09,-2075.63,35.5277,1863,'2014-03-30 01:50:12'),(1032,-2708.89,-2085.75,35.4428,1859,'2014-03-30 01:50:12'),(1033,-2702.14,-2089.74,35.8635,1699,'2014-03-30 01:50:12'),(1034,-2947.94,-1724.92,20.0495,1880,'2014-03-30 01:50:11'),(1035,-2943.79,-1727.11,20.2368,1721,'2014-03-30 01:50:11'),(1036,-2941.64,-1721.78,19.8117,1768,'2014-03-30 01:50:11'),(1037,-2990.42,478.927,4.91406,1731,'2014-03-30 01:50:12'),(1038,-2969.15,483.97,4.91102,1414,'2014-03-27 01:44:18'),(1039,-1427.46,-2930.74,47.0074,1862,'2014-03-30 01:50:10'),(1040,-2975.99,502.736,2.42969,1372,'2014-03-27 01:46:21'),(1041,-2664.92,638.359,14.4531,1355,'2014-03-27 15:02:27'),(1042,-2643.72,637.861,14.4531,1441,'2014-03-27 15:02:27'),(1043,-2586.62,553.868,14.6094,1438,'2014-03-27 15:02:27'),(1044,-2551.53,553.824,14.6144,1400,'2014-03-27 15:02:27'),(1045,-2362.01,577.424,24.8906,1561,'2014-03-27 15:02:27'),(1046,-2357.35,578.131,24.8906,1381,'2014-03-27 15:02:27'),(1047,-2326.17,577.185,30.1158,1538,'2014-03-27 15:02:27'),(1048,-2301.79,577.565,34.5184,1428,'2014-03-27 15:02:27'),(1049,-2276.02,541.766,35.1341,1683,'2014-03-27 22:12:42'),(1050,-2275.01,527.268,35.0694,1545,'2014-03-27 15:40:14'),(1051,-2155.5,478.823,35.1719,792,'0000-00-00 00:00:00'),(1052,-2155.52,420.26,35.1719,823,'0000-00-00 00:00:00'),(1053,-2155.1,412.817,35.1959,1633,'2014-03-27 18:09:15'),(1054,-2057.65,251.372,35.1406,1357,'2014-03-27 15:40:15'),(1055,-1977.79,115.16,27.694,1815,'2014-03-30 01:50:10'),(1056,-1968.7,111.742,27.6875,1563,'2014-03-27 15:40:14'),(1057,-1968.61,161.43,27.6875,1350,'2014-03-27 15:40:14'),(1058,-1908.93,220.31,37.4497,1502,'2014-03-27 15:40:14'),(1059,-2134.79,363.956,35.1719,1371,'2014-03-27 15:40:15'),(1060,-2134.78,333.158,35.1719,1337,'2014-03-27 15:40:14'),(1061,-2108.5,332.582,35.1719,1514,'2014-03-27 15:40:14'),(1062,-2053.7,333.113,35.1719,1513,'2014-03-27 15:40:14'),(1063,-2019.59,332.981,35.1719,1365,'2014-03-27 15:40:15'),(1064,-2018.9,373.37,35.1719,1507,'2014-03-27 15:40:15'),(1065,-1962.62,432.435,35.1719,1629,'2014-03-27 18:09:15'),(1066,-1962.89,442.958,35.1719,1603,'2014-03-27 18:09:14'),(1067,-1946.77,457.786,35.1719,1602,'2014-03-27 18:09:15'),(1068,-1939.51,457.722,35.1719,1380,'2014-03-27 15:40:14'),(1069,-1898.05,483.214,35.1719,1621,'2014-03-27 18:09:14'),(1070,-1897.67,489.558,35.1719,1453,'2014-03-27 15:40:15'),(1071,-1922.58,533.743,35.1719,1598,'2014-03-27 18:09:14'),(1072,-1922.77,540.72,35.1719,1632,'2014-03-27 18:09:15'),(1073,-1958.92,618.678,35.0358,1581,'2014-03-27 15:40:13'),(1074,-1784.18,666.516,35.1719,1644,'2014-03-27 18:09:13'),(1075,-1784.06,698.156,35.1046,1328,'2014-03-27 15:40:16'),(1076,-1727.99,704.026,25.0063,1550,'2014-03-27 15:40:14'),(1077,-1728.36,686.203,25.0345,1478,'2014-03-27 15:40:13'),(1078,-1676.15,705.252,30.6016,1474,'2014-03-27 15:40:16'),(1079,-1670.34,715.709,30.6016,1481,'2014-03-27 15:40:15'),(1080,-1668.99,741.616,19.2609,1623,'2014-03-27 18:09:16'),(1081,-1605.78,711.538,13.8672,1611,'2014-03-27 18:09:14'),(1082,-1653.5,764.106,17.8263,1624,'2014-03-27 18:09:14'),(1083,-1660.01,823.354,19.1625,1494,'2014-03-27 15:40:13'),(1084,-1694.02,830.209,24.885,1385,'2014-03-27 15:40:15'),(1085,-1821.43,860.483,28.3478,1616,'2014-03-27 18:09:14'),(1086,-1883.22,864.935,35.1719,1595,'2014-03-27 18:09:13'),(1087,-1852.64,966.757,35.0584,1527,'2014-03-27 15:40:16'),(1088,-1860.08,987.699,35.3084,NULL,'0000-00-00 00:00:00'),(1089,-1876.12,1014.43,40.0245,1597,'2014-03-27 18:09:14'),(1090,-1848.3,1045.55,46.0865,1484,'2014-03-27 15:40:15'),(1091,-1822.36,1051.8,46.0821,NULL,'0000-00-00 00:00:00'),(1092,-1824.2,1073.06,46.0781,1529,'2014-03-27 15:40:16'),(1093,-1813.54,1078.27,46.0821,863,'0000-00-00 00:00:00'),(1094,-1776.23,1114.12,45.4453,756,'0000-00-00 00:00:00'),(1095,-1721.98,1275.34,17.9219,1647,'2014-03-27 18:09:15'),(1096,-1734.35,1251.04,7.54688,1637,'2014-03-27 18:09:14'),(1097,-1736.87,1304.14,7.1875,1618,'2014-03-27 18:09:13'),(1098,-1742.97,1309.67,7.1875,1360,'2014-03-27 15:40:15'),(1099,-1754.96,1321.58,7.17969,1639,'2014-03-27 18:09:15'),(1100,-1552.93,1334.76,4.12646,1630,'2014-03-27 18:09:15'),(1101,-1513.19,1375.44,3.14245,1472,'2014-03-27 15:40:14'),(1102,-1503.92,1374.64,3.85688,1525,'2014-03-27 15:40:14'),(1103,-1503.94,1368.7,2.973,1467,'2014-03-27 15:40:15'),(1104,-1508.49,1296.35,1.39705,1482,'2014-03-27 15:40:15'),(1105,-1495.71,1286.56,7.17524,1452,'2014-03-27 15:40:14'),(1106,-1511.39,1276.13,7.17877,1574,'2014-03-27 15:40:13'),(1107,-1573,1267.49,1.45312,1520,'2014-03-27 15:40:14'),(1108,-1575.39,1276.04,7.17872,1343,'2014-03-27 15:40:16'),(1109,-1542.04,1223.49,7.1875,1641,'2014-03-27 18:09:14'),(1110,-1484.32,1207.96,7.1875,1493,'2014-03-27 15:40:15'),(1111,-1483.46,1188.37,7.18455,1499,'2014-03-27 15:40:15'),(1112,-1451.81,1153.74,7.1875,1485,'2014-03-27 15:40:13'),(1113,-1451.51,1133.81,7.1875,1613,'2014-03-27 18:09:15'),(1114,-1524.39,1108.81,7.1875,1586,'2014-03-27 15:40:14'),(1115,-1462.23,1086.22,1.58944,1530,'2014-03-27 15:40:16'),(1116,-1451.7,1082.3,7.1875,1339,'2014-03-27 15:40:15'),(1117,-1449.96,1073.69,7.1875,1628,'2014-03-27 18:09:15'),(1118,-1456.46,1019.03,1.78906,1518,'2014-03-27 15:40:15'),(1119,-1421.44,963.616,7.1875,1648,'2014-03-27 18:09:16'),(1120,-1420.99,911.155,7.1875,1352,'2014-03-27 15:40:15'),(1121,-1432.53,831.772,7.1875,1653,'2014-03-27 18:09:13'),(1122,-1476.6,826.448,7.1875,1332,'2014-03-27 15:40:15'),(1123,-1485.14,754.881,7.17852,1612,'2014-03-27 18:09:13'),(1124,-1485.19,695.563,7.17854,1636,'2014-03-27 18:09:14'),(1125,-1481.25,685.979,1.32031,1517,'2014-03-27 15:40:15'),(1126,-1524.74,662.187,7.18034,745,'0000-00-00 00:00:00'),(1127,-1532.75,632.905,7.17833,1353,'2014-03-27 15:40:14'),(1128,-1519.87,563.31,7.17969,1429,'0000-00-00 00:00:00'),(1129,-1526.79,360.334,7.1875,1465,'2014-03-27 15:40:14'),(1130,-1224.49,468.08,7.1875,1509,'2014-03-27 15:40:15'),(1131,-2277.3,792.7,49.4453,1640,'2014-03-27 18:09:14'),(1132,-2243.23,781.753,49.4453,1697,'2014-03-30 01:50:11'),(1133,-2242.7,748.953,49.412,1736,'2014-03-30 01:50:11'),(1134,-2277.53,747.741,49.4393,1607,'2014-03-27 18:09:15'),(1135,-2243.99,649.875,49.4453,1759,'2014-03-30 01:50:11'),(1136,-2173.34,659.159,49.4375,1466,'2014-03-27 18:03:37'),(1137,-2177.87,658.514,49.4375,NULL,'0000-00-00 00:00:00'),(1138,-2202.24,614.556,35.1641,1645,'2014-03-27 18:09:13'),(1139,-2180.54,603.958,35.1691,1627,'2014-03-27 18:09:16'),(1140,-2215.45,617.688,35.1641,1601,'2014-03-27 18:09:16'),(1141,-2169.39,577.689,35.1719,1642,'2014-03-27 18:09:16'),(1142,-2182.51,555.205,35.1719,1634,'2014-03-27 18:09:14'),(1143,-2120.62,512.429,35.1719,1615,'2014-03-27 18:09:16'),(1144,-2048.77,451.229,35.1719,1407,'0000-00-00 00:00:00'),(1145,-2058.87,460.718,35.1719,728,'0000-00-00 00:00:00'),(1146,-1911.23,829.782,35.1719,1619,'2014-03-27 18:09:15'),(1147,-1883.98,864.467,35.1719,1622,'2014-03-27 18:09:16'),(1148,-1877.45,826.054,35.1722,1596,'2014-03-27 18:09:16'),(1149,-2152.75,1250.84,25.6053,1635,'2014-03-27 18:09:15'),(1150,-2044.11,1262.95,9.03172,1654,'2014-03-27 18:09:13'),(1151,-2267.62,-171.239,35.3203,1643,'2014-03-27 18:09:14'),(1152,-2429.5,-5.29285,35.3203,1599,'2014-03-27 18:09:14'),(1153,-2621.79,71.6702,4.33594,1841,'2014-03-30 01:50:10'),(1154,-2589.57,59.9007,4.33594,1881,'2014-03-30 01:50:10'),(1155,-2591.59,169.085,4.5322,1617,'2014-03-27 18:09:14'),(1156,-2586.83,149.074,4.34019,1649,'2014-03-27 18:09:15'),(1157,-2781.44,130.523,7.18723,1608,'2014-03-27 18:09:14'),(1158,-2778.32,122.849,7.17969,1605,'2014-03-27 18:09:16'),(1159,-2779.78,92.3473,7.17969,1652,'2014-03-27 18:09:15'),(1160,-2780.24,73.8567,7.17969,1650,'2014-03-27 18:09:16'),(1161,-2778.22,65.1536,7.17969,1579,'2014-03-27 18:03:37'),(1162,-2779.19,21.1104,7.17969,1480,'0000-00-00 00:00:00'),(1163,-2778.66,11.3648,7.17969,NULL,'0000-00-00 00:00:00'),(1164,-2735.39,0.600112,4.33536,1495,'2014-03-27 18:03:37'),(1165,-2720.56,19.3487,4.33594,1535,'2014-03-27 18:03:37'),(1166,-2375.31,626.628,33.3321,1638,'2014-03-27 18:09:14'),(1167,-2327.7,798.873,44.1232,1606,'2014-03-27 18:09:15'),(1168,-2327.42,817.246,44.1681,1651,'2014-03-27 18:09:13'),(1169,-2598.94,969.236,78.2835,919,'0000-00-00 00:00:00'),(1170,-2597.76,986.28,78.2734,NULL,'0000-00-00 00:00:00'),(1171,-2591.82,948.518,74.384,1356,'0000-00-00 00:00:00'),(1172,-2592.35,940.531,70.4734,1196,'0000-00-00 00:00:00'),(1173,-2576.78,898.655,64.9844,1569,'0000-00-00 00:00:00'),(1174,-2555.62,918.824,64.9844,1565,'0000-00-00 00:00:00'),(1175,-2549.05,897.606,64.9844,1576,'0000-00-00 00:00:00'),(1176,-2326.62,1003.86,50.7029,1271,'0000-00-00 00:00:00'),(1177,-2649.77,370.65,6.15625,1387,'0000-00-00 00:00:00'),(1178,-2649.72,381.514,6.15625,859,'0000-00-00 00:00:00'),(1179,-2757.45,390.474,4.33594,775,'0000-00-00 00:00:00'),(1180,-2598.22,434.741,14.6094,1395,'0000-00-00 00:00:00'),(1181,-2598.41,403.54,12.2235,1397,'0000-00-00 00:00:00'),(1182,-2584.54,307.627,4.85156,NULL,'0000-00-00 00:00:00'),(1183,-2571.18,319.602,10.5625,1327,'0000-00-00 00:00:00'),(1184,-2530.68,-21.3846,16.4219,NULL,'0000-00-00 00:00:00'),(1185,-2562.12,-19.6763,12.6094,NULL,'0000-00-00 00:00:00'),(1186,-2556.43,15.2538,12.6094,NULL,'0000-00-00 00:00:00'),(1187,-2637.11,-22.9368,6.13281,856,'0000-00-00 00:00:00'),(1188,-2717.39,51.3998,4.33594,1383,'0000-00-00 00:00:00'),(1189,-2694.81,59.423,4.33594,858,'0000-00-00 00:00:00'),(1190,-1997.1,1188.68,45.4453,773,'0000-00-00 00:00:00'),(1191,-1622.03,583.353,29.9019,1658,'2014-03-28 23:26:12'),(1192,-1626.16,588.262,30.9485,NULL,'0000-00-00 00:00:00'),(1193,-1978.15,431.749,25.4444,NULL,'0000-00-00 00:00:00'),(1194,-1847.31,333.744,5.94657,1264,'0000-00-00 00:00:00'),(1195,-1837.93,340.471,4.22857,1670,'2014-03-27 22:12:41'),(1196,-1824.5,349.044,1.8955,1668,'2014-03-27 22:12:41'),(1197,-2023.38,67.3225,28.4597,806,'0000-00-00 00:00:00'),(1198,-2050.55,66.6838,28.3906,1663,'2014-03-27 22:12:41'),(1199,-2049.8,83.5616,28.3977,1368,'0000-00-00 00:00:00'),(1200,-1984.9,-441.369,25.7178,766,'0000-00-00 00:00:00'),(1201,-1985.37,-416.246,25.7178,1422,'0000-00-00 00:00:00'),(1202,-1997.4,-361.393,25.7109,802,'0000-00-00 00:00:00'),(1203,-1828.49,-219.418,18.369,1457,'2014-03-27 20:28:59'),(1204,-1812.74,-227.964,18.375,1455,'0000-00-00 00:00:00'),(1205,-1811.94,-135.226,6.11681,1279,'0000-00-00 00:00:00'),(1206,-1819.33,-149.901,9.39844,883,'0000-00-00 00:00:00'),(1207,-1817.85,-168.239,9.39844,842,'0000-00-00 00:00:00'),(1208,-1855.07,-170.005,9.23741,1674,'2014-03-27 22:12:41'),(1209,-1686.45,-38.5279,3.55531,NULL,'0000-00-00 00:00:00'),(1210,-1706.38,-2.23265,3.54892,1461,'2014-03-27 20:28:59'),(1211,-1721.46,11.6223,3.59645,862,'0000-00-00 00:00:00'),(1212,-1707.48,27.1686,3.55469,801,'0000-00-00 00:00:00'),(1213,-1976.43,-733.34,25.7188,796,'0000-00-00 00:00:00'),(1214,-1979.56,-1026.6,22.5821,NULL,'0000-00-00 00:00:00'),(1215,-1977.85,-1039.03,21.8729,NULL,'0000-00-00 00:00:00'),(1216,-1966.07,-1056.34,20.651,NULL,'0000-00-00 00:00:00'),(1217,-1824.68,-1335.56,13.9453,1656,'2014-03-27 20:58:24'),(1218,-1498.03,-1510.97,19.3495,1358,'0000-00-00 00:00:00'),(1219,-1257.56,-1506,27.8413,NULL,'0000-00-00 00:00:00'),(1220,-781.946,-1685.54,97.2981,1382,'0000-00-00 00:00:00'),(1221,-787.614,-1686.24,97.1297,1402,'0000-00-00 00:00:00'),(1222,-564.197,-1498.4,9.24691,879,'0000-00-00 00:00:00'),(1223,-572.583,-1498.58,9.56623,1681,'2014-03-27 22:12:41'),(1224,-258.126,-1632.01,5.54995,778,'0000-00-00 00:00:00'),(1225,-270.363,-1630.58,5.21769,1354,'0000-00-00 00:00:00'),(1226,-70.7713,-2644.37,80.4582,NULL,'0000-00-00 00:00:00'),(1227,-117.479,-2661.98,72.4239,NULL,'0000-00-00 00:00:00'),(1228,-115.03,-2624.39,71.714,NULL,'0000-00-00 00:00:00'),(1229,-313.988,-2564.02,119.641,NULL,'0000-00-00 00:00:00'),(1230,-441.044,-2641.25,154.938,1660,'2014-03-27 22:00:31'),(1231,-2293.85,-2449.16,25.7009,NULL,'2014-03-31 00:47:19'),(1232,-2350.76,-1643.73,483.703,757,'0000-00-00 00:00:00'),(1233,-2352.43,-1639.64,483.703,1661,'2014-03-28 23:26:12'),(1234,-2354.68,-1633.25,483.694,NULL,'0000-00-00 00:00:00'),(1235,-2352.47,-1629.28,483.683,1657,'2014-03-28 01:55:19'),(1236,-2352.44,-1620.41,483.657,NULL,'0000-00-00 00:00:00'),(1237,-2349.89,-1611.08,483.629,NULL,'0000-00-00 00:00:00'),(1238,-2233.4,-1742.27,480.849,803,'0000-00-00 00:00:00'),(1239,-2236.98,-1746.7,480.868,1331,'0000-00-00 00:00:00'),(1240,-2237.83,-1713.65,480.869,1667,'0000-00-00 00:00:00'),(1241,-2077.65,296.515,35.8038,1287,'0000-00-00 00:00:00'),(1242,-2351.07,-45.5333,35.3125,1669,'0000-00-00 00:00:00'),(1243,-2321.02,-45.1137,35.3203,1373,'0000-00-00 00:00:00'),(1244,-2316.43,34.6338,35.3203,762,'0000-00-00 00:00:00'),(1245,-2245.05,-33.6314,35.3203,1811,'2014-03-30 01:50:12'),(1246,-2187.44,30.9998,35.3203,880,'0000-00-00 00:00:00'),(1247,-2198.85,77.4983,35.3203,760,'0000-00-00 00:00:00'),(1248,-2298.16,72.4242,35.3047,1177,'0000-00-00 00:00:00'),(1249,-2314.75,101.028,35.3984,1334,'0000-00-00 00:00:00'),(1250,-2286.76,148.741,35.3125,1801,'2014-03-30 01:50:06'),(1251,-2227.5,164.043,35.3203,1868,'2014-03-30 01:50:08'),(1252,-2221.68,139.387,35.3279,1209,'0000-00-00 00:00:00'),(1253,-2221.31,146.45,35.3203,1741,'2014-03-30 01:50:07'),(1254,-2243.4,174.925,35.3203,1800,'2014-03-30 01:50:06'),(1255,-2232.85,200.072,35.3203,1575,'0000-00-00 00:00:00'),(1256,-2190.64,180.638,35.3279,1691,'2014-03-30 01:50:07'),(1257,-2139.05,231.07,35.3594,1876,'2014-03-30 01:50:06'),(1258,-2139.4,275.181,35.3594,1773,'2014-03-30 01:50:08'),(1259,-2158.97,307.06,35.1172,1727,'2014-03-30 01:50:09'),(1260,-2239.26,307.801,35.1172,1708,'2014-03-30 01:50:08'),(1261,-2229.13,287.791,35.3203,1782,'2014-03-30 01:50:09'),(1262,-2232.72,368.35,35.3127,1277,'0000-00-00 00:00:00'),(1263,-2211.41,368.362,35.3203,1785,'2014-03-30 01:50:07'),(1264,-2174.92,364.614,35.3203,NULL,'0000-00-00 00:00:00'),(1265,-2113.81,454.392,35.1719,1704,'2014-03-30 01:50:08'),(1266,-2099.67,454.433,35.1719,1786,'2014-03-30 01:50:08'),(1267,-2096.91,457.971,35.1723,1822,'2014-03-30 01:50:08'),(1268,-2096.43,472.027,35.1719,1882,'2014-03-30 01:50:06'),(1269,-2093.32,512.623,35.1719,1698,'2014-03-30 01:50:09'),(1270,-2026.97,512.316,35.1719,1874,'2014-03-30 01:50:08'),(1271,-1953.29,481.609,31.9688,1849,'2014-03-30 01:50:07'),(1272,-1937.81,492.529,31.9688,1861,'2014-03-30 01:50:09'),(1273,-1927.22,498.058,35.7656,1732,'2014-03-30 01:50:06'),(1274,-1951.78,506.423,35.1719,1840,'2014-03-30 01:50:06'),(1275,-1962.45,519.888,35.1719,1717,'2014-03-30 01:50:09'),(1276,-1962.6,528.094,35.1719,1814,'2014-03-30 01:50:07'),(1277,-1962.45,541.598,35.1719,1740,'2014-03-30 01:50:09'),(1278,-1962.39,551.407,35.1719,1830,'2014-03-30 01:50:05'),(1279,-1959,557.312,35.1719,1701,'2014-03-30 01:50:09'),(1280,-1927.95,559.373,35.1719,1713,'2014-03-30 01:50:09'),(1281,-1910.58,622.817,35.1719,1723,'2014-03-30 01:50:06'),(1282,-1888.49,623.499,35.1719,1742,'2014-03-30 01:50:06'),(1283,-1888.25,662.559,39.6982,1755,'2014-03-30 01:50:09'),(1284,-1909.56,680.917,43.0149,1809,'2014-03-30 01:50:06'),(1285,-1929.02,640.068,46.5625,1205,'0000-00-00 00:00:00'),(1286,-1977.36,663.22,46.5683,1712,'2014-03-30 01:50:08'),(1287,-1975.87,675.254,46.5683,1873,'2014-03-30 01:50:07'),(1288,-1964.39,680.572,46.5683,1747,'2014-03-30 01:50:07'),(1289,-1964.16,694.776,46.5683,1842,'2014-03-30 01:50:08'),(1290,-1959.65,700.368,46.5625,1722,'2014-03-30 01:50:08'),(1291,-1939.5,705.985,46.5625,1760,'2014-03-30 01:50:08'),(1292,-1939.21,709.968,46.5625,1817,'2014-03-30 01:50:06'),(1293,-1933.61,709.964,47.9662,1791,'2014-03-30 01:50:09'),(1294,-1925.42,714.953,46.5625,1844,'2014-03-30 01:50:08'),(1295,-1917.07,714.673,46.5625,1748,'2014-03-30 01:50:06'),(1296,-1922.39,744.432,45.5038,1743,'2014-03-30 01:50:09'),(1297,-1935.58,744.428,45.5035,1787,'2014-03-30 01:50:06'),(1298,-1967.27,742.609,45.4453,1762,'2014-03-30 01:50:08'),(1299,-2014.61,748.582,45.4453,1695,'2014-03-30 01:50:09'),(1300,-2064.23,743.164,64.0324,1856,'2014-03-30 01:50:06'),(1301,-2097.51,690.337,65.3117,1788,'2014-03-30 01:50:06'),(1302,-2097.45,681.372,61.5989,1763,'2014-03-30 01:50:09'),(1303,-2097.24,673.692,58.423,1824,'2014-03-30 01:50:07'),(1304,-2097.26,665.389,54.9805,1719,'2014-03-30 01:50:06'),(1305,-2103.45,658.295,52.3672,1884,'2014-03-30 01:50:06'),(1306,-2103.37,656.012,52.3672,1753,'2014-03-30 01:50:07'),(1307,-2105.16,653.739,52.3672,1774,'2014-03-30 01:50:09'),(1308,-2102.27,649.67,52.3672,1845,'2014-03-30 01:50:08'),(1309,-2097.88,643.482,52.3672,1756,'2014-03-30 01:50:06'),(1310,-2097.13,634.453,52.3594,1775,'2014-03-30 01:50:07'),(1311,-2096.93,625.619,52.3594,1848,'2014-03-30 01:50:08'),(1312,-2096.67,618.73,51.5699,1808,'2014-03-30 01:50:08'),(1313,-2096.92,602.248,44.7523,1783,'2014-03-30 01:50:06'),(1314,-2105.34,555.627,35.1719,1448,'0000-00-00 00:00:00'),(1315,-2360.33,-82.5336,35.3203,1810,'2014-03-30 01:50:09'),(1316,-2360.52,-90.6044,35.3203,1838,'2014-03-30 01:50:06'),(1317,-2360.4,-117.528,35.3203,1797,'2014-03-30 01:50:06'),(1318,-2349.04,-118.422,35.3203,1734,'2014-03-30 01:50:05'),(1319,-2337.32,-118.532,35.3203,1821,'2014-03-30 01:50:08'),(1320,-2315.1,-118.557,35.3203,1767,'2014-03-30 01:50:08'),(1321,-2313.96,-105.794,35.3203,1828,'2014-03-30 01:50:07'),(1322,-2313.56,-92.7503,35.3203,1779,'2014-03-30 01:50:06'),(1323,-2313.49,-83.4635,35.3203,1854,'2014-03-30 01:50:08'),(1324,-2326.8,-82.0966,35.3203,1837,'2014-03-30 01:50:09'),(1325,-2343.4,-82.1815,35.3203,1875,'2014-03-30 01:50:09'),(1326,-2338.93,-92.4859,35.3203,1290,'0000-00-00 00:00:00'),(1327,-2341.75,-97.4556,35.3203,NULL,'0000-00-00 00:00:00'),(1328,-2334.58,-62.5114,35.3203,1877,'2014-03-30 01:50:07'),(1329,-2310.66,-84.3836,35.3203,1758,'2014-03-30 01:50:09'),(1330,-2292.4,-79.1162,35.3203,1805,'2014-03-30 01:50:09'),(1331,-2276.8,-79.3609,35.3203,1789,'2014-03-30 01:50:08'),(1332,-2273.39,-117.658,35.3203,1836,'2014-03-30 01:50:06'),(1333,-2278.95,-133.087,35.3203,1705,'2014-03-30 01:50:08'),(1334,-2243.8,-170.466,35.3125,1771,'2014-03-30 01:50:06'),(1335,-2234.7,-182.276,35.3205,1795,'2014-03-30 01:50:07'),(1336,-2212.64,-179.799,35.3537,1823,'2014-03-30 01:50:08'),(1337,-2183.63,-177.226,35.3203,1733,'2014-03-30 01:50:08'),(1338,-2177.75,-166.724,35.3203,1812,'2014-03-30 01:50:09'),(1339,-2175.9,-153.058,35.2851,1883,'2014-03-30 01:50:09'),(1340,-2177.44,-130.821,35.2353,1807,'2014-03-30 01:50:07'),(1341,-2177.25,-122.275,35.2991,1730,'2014-03-30 01:50:09'),(1342,-2175.43,-105.577,35.3203,1820,'2014-03-30 01:50:07'),(1343,-2175.67,-88.9014,35.3203,1829,'2014-03-30 01:50:06'),(1344,-2136.86,-83.9504,35.3203,1804,'2014-03-30 01:50:09'),(1345,-2100.16,-82.9635,35.3273,1858,'2014-03-30 01:50:08'),(1346,-2120.83,-29.9632,35.3203,1885,'2014-03-30 01:50:07'),(1347,-2127.94,-26.9176,35.3281,1777,'2014-03-30 01:50:06'),(1348,-2128.27,-18.5919,35.3203,1754,'2014-03-30 01:50:07'),(1349,-2109.87,-6.27489,35.3203,1738,'2014-03-30 01:50:09'),(1350,-2072.7,7.9275,35.3203,1714,'2014-03-30 01:50:08'),(1351,-2055.12,8.06668,35.3281,1761,'2014-03-30 01:50:09'),(1352,-2045.29,0.754501,35.3281,1715,'2014-03-30 01:50:06'),(1353,-2045.01,-14.5018,35.3203,1745,'2014-03-30 01:50:08'),(1354,-2045.17,-30.4225,35.4095,1772,'2014-03-30 01:50:09'),(1355,-2032.83,-41.5832,35.4299,1765,'2014-03-30 01:50:07'),(1356,-2027.89,-42.459,38.8047,NULL,'0000-00-00 00:00:00'),(1357,-2015.55,-37.756,35.2963,1711,'2014-03-30 01:50:07'),(1358,-2015.49,-11.4452,34.725,1739,'2014-03-30 01:50:07'),(1359,-2015.66,-1.22558,34.2772,1792,'2014-03-30 01:50:07'),(1360,-2015.75,6.74287,33.7273,1700,'2014-03-30 01:50:09'),(1361,-2019.72,19.8265,33.21,1847,'2014-03-30 01:50:09'),(1362,-2029.72,61.2183,28.3906,1835,'2014-03-30 01:50:08'),(1363,-2042.66,61.1828,28.3906,1793,'2014-03-30 01:50:09'),(1364,-2049.42,74.5985,28.3977,1751,'2014-03-30 01:50:07'),(1365,-2071.3,96.5672,29.7987,1728,'2014-03-30 01:50:07'),(1366,-2044.98,120.966,28.8473,1693,'2014-03-30 01:50:07'),(1367,-2045.02,127.469,28.8359,1851,'2014-03-30 01:50:07'),(1368,-2054.16,149.081,28.8359,1889,'2014-03-30 01:50:06'),(1369,-2050.11,149.073,28.8359,1879,'2014-03-30 01:50:09'),(1370,-1627.21,158.43,1.96094,NULL,'0000-00-00 00:00:00'),(1371,-1629.92,155.767,1.96094,NULL,'0000-00-00 00:00:00'),(1372,-1600.4,159.251,3.71695,1744,'2014-03-30 01:50:07'),(1373,-1585.52,144.216,3.71695,1764,'2014-03-30 01:50:08'),(1374,-1554.8,138.81,3.55469,1694,'2014-03-30 01:50:07'),(1375,-1546.81,130.3,3.55469,1834,'2014-03-30 01:50:07'),(1376,-1506.75,148.271,3.55469,1749,'2014-03-30 01:50:09'),(1377,-1477.42,483.734,1.17743,NULL,'0000-00-00 00:00:00'),(1378,-1470,483.661,1.17743,NULL,'0000-00-00 00:00:00'),(1379,-1289.87,483.734,1.17743,NULL,'0000-00-00 00:00:00'),(1380,-1303.34,483.689,1.87169,NULL,'0000-00-00 00:00:00'),(1381,-1248.9,509.978,16.5781,1662,'2014-03-28 01:55:19'),(1382,-1253.75,511.795,16.5781,NULL,'0000-00-00 00:00:00'),(1383,-1558.7,-2723.01,48.7435,NULL,'2014-03-31 00:32:03'),(1384,-1575.42,-2733.45,48.5335,NULL,'2014-03-31 00:31:14'),(1385,-1594.89,-2707.67,48.5391,1778,'2014-03-30 01:50:06'),(1386,-1617.6,-2691.13,48.7427,1796,'2014-03-30 01:50:08'),(1387,-1621.23,-2688.79,48.7427,1780,'2014-03-30 01:50:05'),(1388,-2931.55,421.127,3.31155,NULL,'0000-00-00 00:00:00');
/*!40000 ALTER TABLE `object_dot` ENABLE KEYS */;
UNLOCK TABLES;

--
-- Table structure for table `objects`
--

DROP TABLE IF EXISTS `objects`;
CREATE TABLE `objects` (
  `id` int(11) NOT NULL AUTO_INCREMENT,
  `thing_id` int(11) NOT NULL DEFAULT '0',
  `next_id` int(11) NOT NULL DEFAULT '0',
  `prev_id` int(11) DEFAULT NULL,
  `placex` float DEFAULT NULL,
  `placey` float DEFAULT NULL,
  `placez` float DEFAULT NULL,
  `add_rotx` float NOT NULL DEFAULT '0',
  `add_roty` float NOT NULL DEFAULT '0',
  `add_rotz` float NOT NULL DEFAULT '0',
  `pl_owner_id` int(11) DEFAULT NULL,
  `th_owner_id` int(11) DEFAULT NULL,
  `obj_id` int(11) DEFAULT NULL,
  `dot_id` int(11) DEFAULT NULL,
  `is_dropped` int(11) DEFAULT NULL,
  `unused` int(11) NOT NULL DEFAULT '0',
  `value` int(11) NOT NULL DEFAULT '0',
  `vector` float DEFAULT NULL,
  PRIMARY KEY (`id`),
  KEY `id` (`id`),
  KEY `thing_id` (`thing_id`)
) TYPE=MyISAM AUTO_INCREMENT=1890;

--
-- Dumping data for table `objects`
--

LOCK TABLES `objects` WRITE;
/*!40000 ALTER TABLE `objects` DISABLE KEYS */;
INSERT INTO `objects` VALUES (717,9635,9635,NULL,NULL,NULL,NULL,0,0,0,23,NULL,NULL,NULL,23,0,0,NULL),(718,562,562,NULL,1424.42,-1622.64,13.5672,0,0,359.941,NULL,NULL,2,NULL,23,0,46,2159.19),(719,1731,1731,NULL,-1522.04,497.308,6.7875,0,0,195.113,NULL,NULL,1,NULL,23,0,0,1601.24),(720,9612,9612,NULL,-2198.49,-1142.37,15.5609,0,0,4.44956,NULL,NULL,3,NULL,23,0,0,2477.62),(721,3718,3718,NULL,794.087,-507.71,18.0129,0.001,0.001,0,NULL,NULL,908,696,NULL,0,500,942.692),(722,3718,3718,NULL,-487.987,-182.085,78.2109,0.001,0.001,0,NULL,NULL,909,647,NULL,0,500,526.691),(723,3718,3718,NULL,-2661.81,878.122,79.7738,0,0,0,NULL,NULL,910,395,NULL,0,500,2804.05),(724,3718,3718,NULL,-2910.45,1034,36.8281,0.001,0.001,0,NULL,NULL,911,419,NULL,0,500,3088.89),(725,3718,3718,NULL,-1377.54,327.38,7.1875,0.001,0.001,0,NULL,NULL,912,369,NULL,0,500,1415.93),(726,3718,3718,NULL,-2127.68,1000.52,80.0078,0.001,0.001,0,NULL,NULL,913,437,NULL,0,500,2352.54),(727,3718,3718,NULL,-2706.45,803.984,49.9766,0.001,0.001,0,NULL,NULL,914,400,NULL,0,500,2823.78),(728,3718,3718,NULL,-2058.87,460.718,35.1719,0.001,0.001,0,NULL,NULL,915,1145,NULL,0,500,2110.08),(729,3718,3718,NULL,-1392.1,368.575,7.1875,0.001,0.001,0,NULL,NULL,916,357,NULL,0,500,1440.08),(730,3718,3718,NULL,-477.086,-179.735,78.2109,0.328341,0.470026,0,NULL,NULL,917,648,NULL,0,500,515.784),(731,3718,3718,NULL,-2689.47,96.032,7.20312,0.001,0.001,0,NULL,NULL,918,243,NULL,0,500,2691.19),(732,3718,3718,NULL,-2684.32,804.244,49.9766,0,0,0,NULL,NULL,919,401,NULL,0,500,2802.66),(733,3718,3718,NULL,-2780.37,-127.404,7.17969,0,0,0,NULL,NULL,920,256,NULL,0,500,2783.3),(734,3718,3718,NULL,2324.76,116.039,28.4416,0,0,0,NULL,NULL,921,724,NULL,0,500,2327.83),(735,3718,3718,NULL,2260.84,63.371,26.4844,0,0,0,NULL,NULL,922,721,NULL,0,500,2261.88),(736,3718,3718,NULL,-2904.07,1176.24,13.6641,0.001,0.001,0,NULL,NULL,923,427,NULL,0,500,3133.27),(737,3718,3718,NULL,-2907.88,1128.05,26.317,12.4913,17.8815,0,NULL,NULL,924,825,NULL,0,500,3119.13),(738,3718,3718,NULL,-2356.8,1007.65,50.8984,0.001,0.001,0,NULL,NULL,925,483,NULL,0,500,2563.68),(739,3718,3718,NULL,-2689.49,74.9413,7.20312,0.001,0.001,0,NULL,NULL,926,244,NULL,0,500,2690.54),(740,3718,3718,NULL,-2419.29,969.274,45.2969,0.001,0.001,0,NULL,NULL,927,481,NULL,0,500,2606.63),(741,3718,3718,NULL,-1434.11,-1543.03,101.758,0.001,0.001,0,NULL,NULL,928,511,NULL,0,500,2109.02),(742,3718,3718,NULL,-112.061,-314.304,2.76462,0.001,0.001,0,NULL,NULL,929,681,NULL,0,500,333.695),(743,3718,3718,NULL,374.741,-78.3691,1.38281,0,0,0,NULL,NULL,930,662,NULL,0,500,382.85),(744,3718,3718,NULL,-2268.43,-155.806,35.3203,0,0,0,NULL,NULL,931,267,NULL,0,500,2274.05),(745,3718,3718,NULL,-1524.74,662.187,7.18034,0.469914,-0.328263,0,NULL,NULL,932,1126,NULL,0,500,1662.34),(746,3718,3718,NULL,-2909.19,1073.96,32.1328,0,0,0,NULL,NULL,933,421,NULL,0,500,3101.26),(747,3718,3718,NULL,-1845.05,-1707.29,41.1108,0.001,0.001,0,NULL,NULL,934,624,NULL,0,500,2514.11),(748,3718,3718,NULL,668.99,-579.495,16.3359,0,0,0,NULL,NULL,935,693,NULL,0,500,885.228),(749,3718,3718,NULL,2281.87,61.9694,26.4844,0,0,0,NULL,NULL,936,719,NULL,0,500,2282.86),(750,3718,3718,NULL,-147.584,-314.609,2.76462,0.001,0.001,0,NULL,NULL,937,682,NULL,0,500,347.516),(751,3718,3718,NULL,-2946.29,463.234,4.91406,0,0,0,NULL,NULL,938,215,NULL,0,500,2982.49),(752,3718,3718,NULL,2275.49,65.4823,26.4844,0,0,0,NULL,NULL,939,720,NULL,0,500,2276.59),(753,3718,3718,NULL,-1427.06,410.324,7.1875,0.001,0.001,0,NULL,NULL,940,347,NULL,0,500,1484.9),(754,3718,3718,NULL,-2618.53,134.055,4.33594,0,0,0,NULL,NULL,941,228,NULL,0,500,2621.96),(755,3718,3718,NULL,209.099,-107.682,4.89647,0,0,0,NULL,NULL,942,677,NULL,0,500,235.248),(756,3718,3718,NULL,-1776.23,1114.12,45.4453,0.001,0.001,0,NULL,NULL,943,1094,NULL,0,500,2097.22),(757,3718,3718,NULL,-2350.76,-1643.73,483.703,0,0,0,NULL,NULL,944,1232,NULL,0,500,2908.93),(758,3718,3718,NULL,-2552.38,193.661,6.16968,0.001,0.001,0,NULL,NULL,945,223,NULL,0,500,2559.72),(759,3718,3718,NULL,-1861.23,128.97,15.1228,0,0,0,NULL,NULL,946,470,NULL,0,500,1865.75),(760,3718,3718,NULL,-2198.85,77.4983,35.3203,0,0,0,NULL,NULL,947,1247,NULL,0,500,2200.5),(761,3718,3718,NULL,353.76,-115.705,1.25722,0.001,0.001,0,NULL,NULL,948,665,NULL,0,500,372.203),(762,3718,3718,NULL,-2316.43,34.6338,35.3203,0,0,0,NULL,NULL,949,1244,NULL,0,500,2316.96),(763,3718,3718,NULL,NULL,NULL,NULL,0,0,0,41,NULL,NULL,NULL,NULL,0,500,NULL),(764,3718,3718,NULL,-2720.04,130.743,7.03906,0.001,0.001,0,NULL,NULL,950,240,NULL,0,500,2723.19),(765,3718,3718,NULL,-2126.06,577.191,35.1719,0,0,0,NULL,NULL,951,789,NULL,0,500,2203.3),(766,3718,3718,NULL,-1984.9,-441.369,25.7178,0.001,0.001,0,NULL,NULL,952,1200,NULL,0,500,2033.54),(767,3718,3718,NULL,1289.43,270.366,19.5547,0.001,0.001,0,NULL,NULL,953,708,NULL,0,500,1317.62),(768,3718,3718,NULL,-1378.94,439.95,7.1875,0.001,0.001,0,NULL,NULL,954,342,NULL,0,500,1447.44),(769,3718,3718,NULL,-2457.12,1068.32,55.7631,-0.656492,-0.939778,0,NULL,NULL,955,477,NULL,0,500,2679.9),(770,3718,3718,NULL,-2576.43,122.98,4.33594,0,0,0,NULL,NULL,956,224,NULL,0,500,2579.37),(771,4117,4117,NULL,-1614.22,1123.18,7.1875,0,0,0,NULL,NULL,505,460,NULL,0,800,1966.54),(772,4117,4117,NULL,-2092.81,168.646,35.0547,0,0,0,NULL,NULL,506,286,NULL,0,800,2099.89),(773,4117,4117,NULL,-1997.1,1188.68,45.4453,0.001,0.001,0,NULL,NULL,507,1190,NULL,0,800,2324.53),(774,4117,4117,NULL,-1922.14,241.165,41.0469,0,0,0,NULL,NULL,508,296,NULL,0,800,1937.64),(775,4117,4117,NULL,-2757.45,390.474,4.33594,0,0,0,NULL,NULL,509,1179,NULL,0,800,2784.96),(776,4117,4117,NULL,-754.577,-1418.78,85.5567,2.62074,3.75162,0,NULL,NULL,510,533,NULL,0,800,1609.24),(777,4117,4117,NULL,-747.882,-130.026,65.8281,0.001,0.001,0,NULL,NULL,511,652,NULL,0,800,761.95),(778,4117,4117,NULL,-258.126,-1632.01,5.54995,0.001,0.001,0,NULL,NULL,512,1224,NULL,0,800,1652.31),(779,4117,4117,NULL,-2733.94,-124.716,4.32812,0.001,0.001,0,NULL,NULL,513,257,NULL,0,800,2736.79),(780,4117,4117,NULL,-2688.75,112.776,4.08594,0.001,0.001,0,NULL,NULL,514,242,NULL,0,800,2691.12),(781,4117,4117,NULL,-2110.59,-45.1621,35.3203,0,0,0,NULL,NULL,515,278,NULL,0,800,2111.37),(782,4117,4117,NULL,-2546.99,934.274,64.9844,0,0,0,NULL,NULL,516,407,NULL,0,800,2713.71),(783,4117,4117,NULL,-1433.4,341.801,7.1875,0.001,0.001,0,NULL,NULL,517,365,NULL,0,800,1473.61),(784,4117,4117,NULL,809.054,-759.305,76.5314,0,0,0,NULL,NULL,518,699,NULL,0,800,1112.19),(785,4117,4117,NULL,-2053.93,1192.56,45.4559,0,0,0,NULL,NULL,519,309,NULL,0,800,2375.48),(786,4117,4117,NULL,-2276.33,-182.428,35.3203,0,0,0,NULL,NULL,520,268,NULL,0,800,2283.9),(787,4117,4117,NULL,-1398.4,413.047,7.1875,0.001,0.001,0,NULL,NULL,521,348,NULL,0,800,1458.14),(788,4117,4117,NULL,-2545.97,190.083,13.0391,0,0,0,NULL,NULL,522,222,NULL,0,800,2553.09),(789,4117,4117,NULL,-2062.02,-959.36,32.1719,0.001,0.001,0,NULL,NULL,523,500,NULL,0,800,2274.5),(790,4117,4117,NULL,-2080.37,-482.304,38.7344,0.001,0.001,0,NULL,NULL,524,493,NULL,0,800,2135.9),(791,4117,4117,NULL,-2229.66,-78.5898,35.3203,0,0,0,NULL,NULL,525,265,NULL,0,800,2231.32),(792,4117,4117,NULL,-2155.5,478.823,35.1719,0.001,0.001,0,NULL,NULL,526,1051,NULL,0,800,2208.32),(793,4117,4117,NULL,-2632.86,114.835,4.32812,0.328271,0.469925,0,NULL,NULL,527,231,NULL,0,800,2635.37),(794,4117,4117,NULL,-1988.93,1117.66,54.472,0.001,0.001,0,NULL,NULL,528,306,NULL,0,800,2282.1),(795,4117,4117,NULL,-1427.32,374.052,7.1875,0.001,0.001,0,NULL,NULL,529,356,NULL,0,800,1475.54),(796,4117,4117,NULL,-1976.43,-733.34,25.7188,0.001,0.001,0,NULL,NULL,530,1213,NULL,0,800,2108.25),(797,4117,4117,NULL,-472.591,-181.911,78.2109,0.001,0.001,0,NULL,NULL,531,649,NULL,0,800,512.397),(798,4117,4117,NULL,-1564.82,284.531,7.1875,0.001,0.001,0,NULL,NULL,532,371,NULL,0,800,1590.49),(799,4117,4117,NULL,-706.429,-1420.1,60.4579,-0.984511,-1.40934,0,NULL,NULL,533,531,NULL,0,800,1587.26),(800,4117,4117,NULL,-2711.21,848.632,70.7031,0,0,0,NULL,NULL,534,397,NULL,0,800,2841.8),(801,4117,4117,NULL,-1707.48,27.1686,3.55469,0.001,0.001,0,NULL,NULL,535,1212,NULL,0,800,1707.7),(802,4117,4117,NULL,-1997.4,-361.393,25.7109,0,0,0,NULL,NULL,536,1202,NULL,0,800,2029.99),(803,4117,4117,NULL,-2233.4,-1742.27,480.849,0.328592,0.470384,0,NULL,NULL,537,1238,NULL,0,800,2873.12),(804,4117,4117,NULL,-2456.17,756.765,35.1719,0.001,0.001,0,NULL,NULL,538,802,NULL,0,800,2570.35),(805,4117,4117,NULL,-2178.88,905.168,79.5205,-8.53675,9.45653,0,NULL,NULL,539,831,NULL,0,800,2360.76),(806,4117,4117,NULL,-2023.38,67.3225,28.4597,-0.469846,0.328216,0,NULL,NULL,540,1197,NULL,0,800,2024.7),(807,4117,4117,NULL,-1677.71,438.324,7.17969,0,0,0,NULL,NULL,541,473,NULL,0,800,1734.04),(808,4117,4117,NULL,-372.006,-1041.1,59.2979,-2.34771,1.64002,0,NULL,NULL,542,536,NULL,0,800,1107.16),(809,4117,4117,NULL,-1590.78,143.03,-10.9304,0.001,0.001,0,NULL,NULL,543,339,NULL,0,800,1597.23),(810,4117,4117,NULL,-2243.59,-87.9387,35.3203,0,0,0,NULL,NULL,544,266,NULL,0,800,2245.59),(811,4117,4117,NULL,-2724,-191.27,4.33594,0.001,0.001,0,NULL,NULL,545,253,NULL,0,800,2730.71),(812,4117,4117,NULL,-250.172,-2195.13,29.0603,-1.26797,0.186493,0,NULL,NULL,546,547,NULL,0,800,2209.53),(813,4117,4117,NULL,-2172.76,1081.49,80.0078,0,0,0,NULL,NULL,547,839,NULL,0,800,2428.35),(814,4117,4117,NULL,-2423.68,-139.572,35.17,0,0,0,NULL,NULL,1094,NULL,62,0,800,2427.95),(815,4117,4117,NULL,-539.604,-74.4088,62.8594,0.001,0.001,0,NULL,NULL,548,640,NULL,0,800,548.325),(816,4117,4117,NULL,NULL,NULL,NULL,0,0,0,39,NULL,NULL,NULL,NULL,0,800,NULL),(817,4117,4117,NULL,-2904,1122.38,27.0703,0.001,0.001,0,NULL,NULL,549,424,NULL,0,800,3113.47),(818,4117,4117,NULL,-1420.03,-1498.67,105.039,0.001,0.001,0,NULL,NULL,550,509,NULL,0,800,2067.25),(819,4117,4117,NULL,-537.807,-98.5689,63.2969,0.001,0.001,0,NULL,NULL,551,643,NULL,0,800,550.417),(820,4117,4117,NULL,-1107.64,-1638.78,76.3672,0.001,0.001,0,NULL,NULL,552,519,NULL,0,800,1979.47),(821,4117,4117,NULL,2263.94,60.1416,26.4844,0,0,0,NULL,NULL,553,722,NULL,0,800,2264.89),(822,4117,4117,NULL,-2168.23,1106.82,80.0078,0,0,0,NULL,NULL,554,840,NULL,0,800,2435.71),(823,4117,4117,NULL,-2155.52,420.26,35.1719,0.001,0.001,0,NULL,NULL,555,1052,NULL,0,800,2196.39),(824,4117,4117,NULL,898.668,-677.813,116.89,0.001,0.001,0,NULL,NULL,556,701,NULL,0,800,1131.68),(825,4117,4117,NULL,-2904.36,1104.23,27.0703,0.001,0.001,0,NULL,NULL,557,423,NULL,0,800,3107.31),(826,4117,4117,NULL,-556.633,-197.122,78.4062,0.001,0.001,0,NULL,NULL,558,644,NULL,0,800,595.689),(827,4117,4117,NULL,-2863.86,825.789,39.4227,-4.26891,0.885005,0,NULL,NULL,559,413,NULL,0,800,2980.8),(828,4117,4117,NULL,-105.546,-2866.47,39.4609,0,0,0,NULL,NULL,560,559,NULL,0,800,2868.68),(829,4117,4117,NULL,-2061.74,1230.42,31.4438,-4.68386,3.27196,0,NULL,NULL,561,310,NULL,0,800,2401.19),(830,4117,4117,NULL,158.904,-107.544,4.89647,0,0,0,NULL,NULL,562,679,NULL,0,800,191.938),(831,4117,4117,NULL,-714.97,-1611.75,53.8581,-1.64002,-2.34771,0,NULL,NULL,563,532,NULL,0,800,1764.04),(832,4117,4117,NULL,-2487.81,896.453,64.1301,0.001,0.001,0,NULL,NULL,564,864,NULL,0,800,2645.17),(833,4117,4117,NULL,-2720.44,0.102573,4.33594,0,0,0,NULL,NULL,565,246,NULL,0,800,2720.44),(834,4117,4117,NULL,-1392,341.768,7.1875,0.001,0.001,0,NULL,NULL,566,366,NULL,0,800,1433.36),(835,4117,4117,NULL,-44.021,41.1418,4.09546,0.001,0.001,0,NULL,NULL,567,654,NULL,0,800,60.3926),(836,4117,4117,NULL,-2542.81,922.344,67.0938,0,0,0,NULL,NULL,568,866,NULL,0,800,2705.75),(837,4117,4117,NULL,-2901.57,1037.63,36.8281,6.53666,-4.56625,0,NULL,NULL,569,420,NULL,0,800,3081.74),(838,4117,4117,NULL,265.016,-56.5024,2.77721,0.001,0.001,0,NULL,NULL,570,656,NULL,0,800,270.987),(839,4117,4117,NULL,-2781.33,-149.238,7.18723,0.001,0.001,0,NULL,NULL,571,255,NULL,0,800,2785.34),(840,4117,4117,NULL,-2149.72,-2396.36,30.625,0,0,0,NULL,NULL,572,571,NULL,0,800,3219.44),(841,4117,4117,NULL,-2632.47,135.608,7.20312,0.001,0.001,0,NULL,NULL,573,229,NULL,0,800,2635.97),(842,4117,4117,NULL,-1817.85,-168.239,9.39844,0,0,0,NULL,NULL,574,1207,NULL,0,800,1825.64),(843,4117,4117,NULL,-2203.3,-2309.56,31.375,0,0,0,NULL,NULL,575,598,NULL,0,800,3192.11),(844,4117,4117,NULL,-2127.67,982.526,80.0078,0.001,0.001,0,NULL,NULL,576,436,NULL,0,800,2344.94),(845,4117,4117,NULL,-2207.28,-20.5155,35.3203,0,0,0,NULL,NULL,577,264,NULL,0,800,2207.66),(846,4117,4117,NULL,-2332.53,-167.371,35.5547,0.001,0.001,0,NULL,NULL,578,270,NULL,0,800,2338.8),(847,4117,4117,NULL,2362.83,187.173,28.4416,0,0,0,NULL,NULL,579,731,NULL,0,800,2370.4),(848,4117,4117,NULL,-1378.58,404.83,7.1875,0.001,0.001,0,NULL,NULL,580,349,NULL,0,800,1436.81),(849,4117,4117,NULL,-109.074,-231.837,1.42969,0,0,0,NULL,NULL,581,689,NULL,0,800,256.218),(850,4117,4117,NULL,-1431.93,404.609,7.1875,0.001,0.001,0,NULL,NULL,582,352,NULL,0,800,1488.01),(851,4117,4117,NULL,-2092.85,-2416.97,30.625,0,0,0,NULL,NULL,583,609,NULL,0,800,3197.3),(852,4117,4117,NULL,313.384,-121.268,3.53539,0.001,0.001,0,NULL,NULL,584,669,NULL,0,800,336.048),(853,4117,4117,NULL,-2628.93,125.665,7.20312,0.001,0.001,0,NULL,NULL,585,230,NULL,0,800,2631.94),(854,4117,4117,NULL,-61.9419,48.4652,3.11027,0.001,0.001,0,NULL,NULL,586,653,NULL,0,800,78.7105),(855,4117,4117,NULL,-2064.58,-910.964,32.1719,0.001,0.001,0,NULL,NULL,587,497,NULL,0,800,2256.85),(856,4117,4117,NULL,-2637.11,-22.9368,6.13281,0.001,0.001,0,NULL,NULL,588,1187,NULL,0,800,2637.22),(857,4117,4117,NULL,806.889,-538.865,16.3359,0,0,0,NULL,NULL,589,742,NULL,0,800,970.419),(858,4117,4117,NULL,-2694.81,59.423,4.33594,0,0,0,NULL,NULL,590,1189,NULL,0,800,2695.47),(859,4117,4117,NULL,-2649.72,381.514,6.15625,0.001,0.001,0,NULL,NULL,591,1178,NULL,0,800,2677.05),(860,4117,4117,NULL,-1702.25,422.159,7.7219,3.51882,1.03529,0,NULL,NULL,1095,NULL,23,0,800,1753.83),(861,4117,4117,NULL,353.283,-104.485,1.29104,0.001,0.001,0,NULL,NULL,592,666,NULL,0,800,368.412),(862,4117,4117,NULL,-1721.46,11.6223,3.59645,0.001,0.001,0,NULL,NULL,593,1211,NULL,0,800,1721.5),(863,4117,4117,NULL,-1813.54,1078.27,46.0821,0.001,0.001,0,NULL,NULL,594,1093,NULL,0,800,2110.38),(864,4117,4117,NULL,-108.833,-221.42,1.42188,0,0,0,NULL,NULL,595,688,NULL,0,800,246.725),(865,4117,4117,NULL,-82.7497,-1202.92,2.89062,0.001,0.001,0,NULL,NULL,596,543,NULL,0,800,1205.77),(866,4117,4117,NULL,-2677.18,102.203,4.32812,-0.328271,-0.469925,0,NULL,NULL,597,235,NULL,0,800,2679.13),(867,4117,4117,NULL,-266.389,-2213.97,29.042,0.001,0.001,0,NULL,NULL,598,548,NULL,0,800,2230.13),(868,4117,4117,NULL,-2723.68,-162.606,4.34258,0.001,0.001,0,NULL,NULL,599,252,NULL,0,800,2728.53),(869,4117,4117,NULL,-1110.71,-1674.39,76.3672,0.001,0.001,0,NULL,NULL,600,516,NULL,0,800,2010.74),(870,4117,4117,NULL,274.251,-195.816,1.57045,0,0,0,NULL,NULL,601,674,NULL,0,800,336.987),(871,4118,4118,NULL,-2718.02,823.377,51.3112,8.3679,0.973016,0,NULL,NULL,722,399,NULL,0,200,2840.46),(872,4118,4118,NULL,-1451.23,378.017,7.1875,0.001,0.001,0,NULL,NULL,723,355,NULL,0,200,1499.67),(873,4118,4118,NULL,-2023.15,-481.911,38.7344,0.001,0.001,0,NULL,NULL,724,491,NULL,0,200,2080.11),(874,4118,4118,NULL,-547.151,-197.461,78.4062,0.001,0.001,0,NULL,NULL,725,645,NULL,0,200,586.952),(875,4118,4118,NULL,NULL,NULL,NULL,0,0,0,28,NULL,NULL,NULL,NULL,0,200,NULL),(876,4118,4118,NULL,-401.289,-1417.67,25.7209,0,0,0,NULL,NULL,726,529,NULL,0,200,1473.6),(877,4118,4118,NULL,659.907,-522.087,16.3359,0,0,0,NULL,NULL,727,690,NULL,0,200,841.617),(878,4118,4118,NULL,-2620.21,798.971,49.9379,0.938731,0.657988,0,NULL,NULL,728,810,NULL,0,200,2739.77),(879,4118,4118,NULL,-564.197,-1498.4,9.24691,0.001,0.001,0,NULL,NULL,729,1222,NULL,0,200,1601.13),(880,4118,4118,NULL,-2187.44,30.9998,35.3203,0,0,0,NULL,NULL,730,1246,NULL,0,200,2187.94),(881,4118,4118,NULL,274.189,-180.683,1.57812,0.001,0.001,0,NULL,NULL,731,673,NULL,0,200,328.372),(882,4118,4118,NULL,-1464.68,-1487.74,101.758,0,0,0,NULL,NULL,732,506,NULL,0,200,2090.22),(883,4118,4118,NULL,-1819.33,-149.901,9.39844,0,0,0,NULL,NULL,733,1206,NULL,0,200,1825.52),(884,4118,4118,NULL,-1896.4,-1638.18,25.0391,0,0,0,NULL,NULL,734,625,NULL,0,200,2506.11),(885,4118,4118,NULL,1366.39,248.917,19.5669,0.001,0.001,0,NULL,NULL,735,706,NULL,0,200,1389.02),(886,4118,4118,NULL,-2494.88,-17.3749,25.7656,0,0,0,NULL,NULL,736,766,NULL,0,200,2495.07),(887,4118,4118,NULL,-2131.89,-2380.47,30.625,0,0,0,NULL,NULL,737,570,NULL,0,200,3195.7),(888,4118,4118,NULL,-1940.85,1227.4,31.6233,0.001,0.001,0,NULL,NULL,738,311,NULL,0,200,2296.61),(889,4118,4118,NULL,-331.334,-1434.45,15.5417,-1.0331,3.47114,0,NULL,NULL,739,637,NULL,0,200,1472.3),(890,4118,4118,NULL,-1873.34,1125.31,45.4453,0,0,0,NULL,NULL,740,468,NULL,0,200,2185.82),(891,4118,4118,NULL,-1370.76,342.25,7.1875,0.001,0.001,0,NULL,NULL,741,367,NULL,0,200,1412.86),(892,4118,4118,NULL,-2195.37,577.119,35.1719,0,0,0,NULL,NULL,742,790,NULL,0,200,2270.23),(893,4118,4118,NULL,206.777,-63.4953,1.57812,0,0,0,NULL,NULL,743,661,NULL,0,200,216.312),(894,4118,4118,NULL,-2122.66,-61.8066,35.3203,0,0,0,NULL,NULL,744,277,NULL,0,200,2123.85),(895,4118,4118,NULL,307.691,-109.145,3.54179,0,0,0,NULL,NULL,745,670,NULL,0,200,326.495),(896,4118,4118,NULL,-283.397,-2171.63,28.6432,0.140386,0.798439,0,NULL,NULL,746,550,NULL,0,200,2190.23),(897,4118,4118,NULL,245.346,-60.1591,1.57031,0.001,0.001,0,NULL,NULL,747,660,NULL,0,200,252.619),(898,4118,4118,NULL,-2674.38,731.733,27.9531,0,0,0,NULL,NULL,748,404,NULL,0,200,2772.82),(899,4118,4118,NULL,-2642.06,934.158,71.9531,0,0,0,NULL,NULL,749,393,NULL,0,200,2803.27),(900,4118,4118,NULL,-1115.41,-1638.79,76.3672,0.001,0.001,0,NULL,NULL,750,518,NULL,0,200,1983.84),(901,4118,4118,NULL,-2132.89,168.19,42.25,0.001,0.001,0,NULL,NULL,751,284,NULL,0,200,2139.93),(902,4118,4118,NULL,1318.92,226.818,19.5547,-0.140359,-0.798287,0,NULL,NULL,752,707,NULL,0,200,1338.42),(903,4118,4118,NULL,1901.76,160.799,37.1406,0,0,0,NULL,NULL,753,713,NULL,0,200,1908.91),(904,4118,4118,NULL,358.415,-115.824,1.25428,0.001,0.001,0,NULL,NULL,754,664,NULL,0,200,376.667),(905,4118,4118,NULL,-2449.16,-93.6847,30.1875,0,0,0,NULL,NULL,755,273,NULL,0,200,2451.14),(906,4118,4118,NULL,2278.46,50.6362,26.4844,0.001,0.001,0,NULL,NULL,756,718,NULL,0,200,2279.18),(907,4118,4118,NULL,-2202.57,-2417.38,30.46,0,0,0,NULL,NULL,1103,NULL,70,0,200,3270.47),(908,4118,4118,NULL,-67.6752,-1145.24,1.07812,0,0,0,NULL,NULL,757,537,NULL,0,200,1147.24),(909,4118,4118,NULL,-2879.02,801.841,35.6003,0.001,0.001,0,NULL,NULL,758,412,NULL,0,200,2988.81),(910,4118,4118,NULL,821.32,-642.497,16.3359,0,0,0,NULL,NULL,759,697,NULL,0,200,1042.9),(911,4118,4118,NULL,-1418.96,404.647,7.1875,0.001,0.001,0,NULL,NULL,760,351,NULL,0,200,1475.55),(912,4118,4118,NULL,-2720.19,124.535,7.03906,0.001,0.001,0,NULL,NULL,761,241,NULL,0,200,2723.05),(913,4118,4118,NULL,-2169.5,1024.82,80.0078,0,0,0,NULL,NULL,762,438,NULL,0,200,2400.71),(914,4118,4118,NULL,-1782.19,1023.56,25.031,1.64376,-2.3451,0,NULL,NULL,763,466,NULL,0,200,2055.36),(915,4118,4118,NULL,-1114.07,-1635.86,76.3672,0.001,0.001,0,NULL,NULL,764,517,NULL,0,200,1980.66),(916,4118,4118,NULL,1296.76,287.288,19.5469,0.001,0.001,0,NULL,NULL,765,709,NULL,0,200,1328.35),(917,4118,4118,NULL,-1602.02,155.15,-11.2153,0.001,0.001,0,NULL,NULL,766,340,NULL,0,200,1609.55),(918,4118,4118,NULL,NULL,NULL,NULL,0,0,0,52,NULL,NULL,NULL,NULL,0,200,NULL),(919,4118,4118,NULL,-2598.94,969.236,78.2835,0,0,0,NULL,NULL,767,1169,NULL,0,200,2774.89),(920,4118,4118,NULL,-1398.81,404.749,7.1875,0.001,0.001,0,NULL,NULL,768,350,NULL,0,200,1456.21),(921,440,440,NULL,-156.386,-302.145,1.42969,0,0,0,NULL,NULL,83,683,NULL,0,500,340.221),(922,440,440,NULL,-2148.14,-423.275,35.3359,0,0,0,NULL,NULL,84,496,NULL,0,500,2189.73),(923,440,440,NULL,-1863.74,1282.38,62.4844,0,0,0,NULL,NULL,85,760,NULL,0,500,2263.17),(924,440,440,NULL,-2853.65,950.756,44.0547,0,0,0,NULL,NULL,86,416,NULL,0,500,3008.19),(925,440,440,NULL,-1954.89,1276.38,7.1875,0.001,0.001,0,NULL,NULL,87,312,NULL,0,500,2334.69),(926,440,440,NULL,-2159.09,1043.84,80.0078,0.001,0.001,0,NULL,NULL,88,835,NULL,0,500,2399.52),(927,440,440,NULL,660.238,-573.581,16.3359,0.001,0.001,0,NULL,NULL,89,692,NULL,0,500,874.744),(928,440,440,NULL,NULL,NULL,NULL,0,0,0,30,NULL,NULL,NULL,NULL,0,500,NULL),(929,440,440,NULL,-2429.02,-114.608,35.3125,0,0,0,NULL,NULL,90,272,NULL,0,500,2431.98),(930,440,440,NULL,-1379.47,368.842,7.1875,0.001,0.001,0,NULL,NULL,91,358,NULL,0,500,1427.95),(931,440,440,NULL,NULL,NULL,NULL,0,0,0,52,NULL,NULL,NULL,40,0,500,NULL),(932,440,440,NULL,-2035.66,1192.75,45.4453,0,0,0,NULL,NULL,92,308,NULL,0,500,2359.79),(933,527,440,-440,-2048.59,-2366,30.63,0,0,0,NULL,NULL,1082,NULL,41,0,0,3129.79),(934,440,440,NULL,-2778.49,-115.763,7.17969,0.573215,0,0,NULL,NULL,93,258,NULL,0,500,2780.91),(935,440,440,NULL,-2690.21,386.579,4.36719,0,0,0,NULL,NULL,94,217,NULL,0,500,2717.85),(936,440,440,NULL,-2899.63,1078.31,32.1328,0,0,0,NULL,NULL,95,422,NULL,0,500,3093.81),(937,527,440,-440,-290.841,-2295.72,31.6176,-1.41509,33.0713,0,NULL,NULL,1083,NULL,52,0,0,2314.29),(938,440,440,NULL,-2354.34,1002.63,50.8984,0.001,0.001,0,NULL,NULL,96,856,NULL,0,500,2559.45),(939,440,440,NULL,278.819,-52.5397,1.57812,0,0,0,NULL,NULL,97,655,NULL,0,500,283.73),(940,440,440,NULL,-2860.92,966.764,44.0547,0,1.71916,0,NULL,NULL,98,417,NULL,0,500,3020.17),(941,440,440,NULL,848.731,-745.206,94.9693,0.001,0.001,0,NULL,NULL,99,700,NULL,0,500,1133.44),(942,440,440,NULL,-2689.53,56.6877,7.20312,0.001,0.001,0,NULL,NULL,100,245,NULL,0,500,2690.14),(943,440,440,NULL,-2618.5,114.619,4.33594,0.001,0.001,0,NULL,NULL,101,227,NULL,0,500,2621.01),(944,527,440,NULL,-1955.8,303.081,35.4688,0,0,0,NULL,NULL,1084,NULL,23,0,0,1979.46),(945,440,440,NULL,-2633.73,105.903,4.32812,0,0,0,NULL,NULL,102,232,NULL,0,500,2635.86),(946,527,440,NULL,-1908.93,-1681.14,23.0215,34.3976,-19.8473,0,NULL,NULL,1085,NULL,62,0,0,2543.77),(947,440,440,NULL,2318.77,-91.1436,26.4844,0,0,0,NULL,NULL,103,725,NULL,0,500,2320.71),(948,440,440,NULL,-2098.01,-763.359,32.1719,0.001,0.001,0,NULL,NULL,104,498,NULL,0,500,2232.8),(949,440,440,NULL,-2347.31,994.947,50.8984,0.001,0.001,0,NULL,NULL,105,484,NULL,0,500,2549.98),(950,440,440,NULL,-13.757,-2487.92,36.6484,0,0,0,NULL,NULL,106,554,NULL,0,500,2488.23),(951,440,440,NULL,1094.91,-646.634,113.648,-1.14615,0,0,NULL,NULL,107,703,NULL,0,500,1276.67),(952,440,440,NULL,1366.3,248.82,19.5669,0.001,0.001,0,NULL,NULL,108,711,NULL,0,500,1388.91),(953,440,440,NULL,-1552.22,1060.35,7.1875,0,0,0,NULL,NULL,109,461,NULL,0,500,1879.84),(954,440,440,NULL,-1424.91,-1503.3,105.039,0.001,0.001,0,NULL,NULL,110,510,NULL,0,500,2073.96),(955,440,440,NULL,-2335.29,-167.086,35.5547,0.001,0.001,0,NULL,NULL,111,269,NULL,0,500,2341.53),(956,440,440,NULL,1072.22,-344.312,73.9922,0,0,0,NULL,NULL,112,739,NULL,0,500,1128.57),(957,440,440,NULL,-2051.37,-481.93,38.7344,0.001,0.001,0,NULL,NULL,113,492,NULL,0,500,2107.58),(958,440,440,NULL,-381.898,-1426.81,26.048,0,14.0434,0,NULL,NULL,114,524,NULL,0,500,1477.26),(959,440,440,NULL,2438.87,-68.5365,28.154,0,0,0,NULL,NULL,115,732,NULL,0,500,2440),(960,440,440,NULL,759.433,-590.996,18.0133,0,0,0,NULL,NULL,116,695,NULL,0,500,962.465),(961,440,440,NULL,-2527.18,1140.85,55.7266,0,0,0,NULL,NULL,117,876,NULL,0,500,2773.32),(962,440,440,NULL,-2577.27,104.713,4.33594,0.001,0.001,0,NULL,NULL,118,225,NULL,0,500,2579.4),(963,440,440,NULL,-2078.06,-2313.73,31.1313,0.001,0.001,0,NULL,NULL,119,607,NULL,0,500,3110.09),(964,440,440,NULL,2245.58,49.8452,26.4844,0,0,0,NULL,NULL,120,717,NULL,0,500,2246.29),(965,440,440,NULL,-1997.04,1273.87,7.38369,0.001,0.001,0,NULL,NULL,121,313,NULL,0,500,2368.75),(966,440,440,NULL,-1931.02,1044.03,51.3609,0,10.2092,0,NULL,NULL,122,304,NULL,0,500,2195.79),(967,440,440,NULL,-2719.07,423.004,4.33381,0.573229,0,0,NULL,NULL,123,216,NULL,0,500,2751.78),(968,440,440,NULL,1331.14,-631.857,109.135,0,0,0,NULL,NULL,124,704,NULL,0,500,1477.53),(969,440,440,NULL,-2872.5,701.101,23.4689,1.71927,-2.29182,0,NULL,NULL,125,408,NULL,0,500,2956.92),(970,440,440,NULL,-2734.98,-172.298,4.33875,0,0,0,NULL,NULL,126,254,NULL,0,500,2740.41),(971,527,527,NULL,-756.928,-132.616,65.8281,0.001,0.001,0,NULL,NULL,400,651,NULL,0,0,771.272),(972,527,527,NULL,195.373,-94.7781,4.89647,0,0,0,NULL,NULL,401,678,NULL,0,0,217.204),(973,527,527,NULL,-1112.42,-1676.87,76.3672,0.001,0.001,0,NULL,NULL,402,515,NULL,0,0,2013.75),(974,527,527,NULL,-1614.84,1139.54,7.1875,0,0,0,NULL,NULL,403,459,NULL,0,0,1976.44),(975,527,527,NULL,-2471.56,1141.37,55.7333,0.001,0.001,0,NULL,NULL,404,873,NULL,0,0,2722.95),(976,1,1,NULL,-1941.48,252.608,47.7031,0,0,0,NULL,NULL,368,893,NULL,0,0,1958.43),(977,1,1,NULL,-2533.02,308.316,35.1172,0,0,0,NULL,NULL,369,220,NULL,0,0,2551.96),(978,1,1,NULL,-2708.01,378.022,11.9795,0.001,0.001,0,NULL,NULL,370,218,NULL,0,0,2734.29),(979,1,1,NULL,-1344.06,439.421,7.1875,0.001,0.001,0,NULL,NULL,371,341,NULL,0,0,1414.09),(980,1,1,NULL,-2105.74,139.559,39.2737,0.001,0.001,0,NULL,NULL,372,281,NULL,0,0,2110.73),(981,1,1,NULL,1548.92,13.4543,24.1439,0.001,0.001,0,NULL,NULL,373,733,NULL,0,0,1549.17),(982,1,1,NULL,-1473.22,404.095,7.1875,0.001,0.001,0,NULL,NULL,374,353,NULL,0,0,1527.65),(983,1,1,NULL,-2281.43,1089,80.2826,0.001,0.001,0,NULL,NULL,375,848,NULL,0,0,2529.29),(984,1,1,NULL,-1681.85,582.188,24.8906,0.001,0.001,0,NULL,NULL,376,917,NULL,0,0,1779.94),(985,1,1,NULL,NULL,NULL,NULL,0,0,0,31,NULL,NULL,NULL,NULL,0,0,NULL),(986,1,1,NULL,-2134.36,173.357,42.25,0.001,0.001,0,NULL,NULL,377,283,NULL,0,0,2141.81),(987,2,1,1,NULL,NULL,NULL,0,0,0,39,NULL,NULL,NULL,NULL,0,120,NULL),(988,1,1,NULL,-1429.22,-1478.05,101.672,0.001,0.001,0,NULL,NULL,378,508,NULL,0,0,2058.55),(989,1,1,NULL,-1675.29,1405.02,12.2031,0,0,0,NULL,NULL,379,445,NULL,0,0,2186.51),(990,1,1,NULL,-2158.58,1067.03,80.0078,0,0,0,NULL,NULL,380,838,NULL,0,0,2409.24),(991,1,1,NULL,-1890.7,1396.18,1.38282,0,0,0,NULL,NULL,381,316,NULL,0,0,2350.33),(992,1,1,NULL,-2704.22,782.227,49.9844,0,0,0,NULL,NULL,382,403,NULL,0,0,2815.53),(993,1,1,NULL,-994.22,-721.058,35.9375,0,0,0,NULL,NULL,383,317,NULL,0,0,1228.69),(994,1,1,NULL,-2291.06,1097.37,82.8125,0,0,0,NULL,NULL,384,441,NULL,0,0,2541.66),(995,1,1,NULL,-2579,929.585,64.9844,0,0,0,NULL,NULL,385,867,NULL,0,0,2742.19),(996,1,1,NULL,-2241.18,1042.75,83.8499,0.001,0.001,0,NULL,NULL,386,851,NULL,0,0,2473.31),(997,1,1,NULL,-2131.15,185.438,42.25,0.001,0.001,0,NULL,NULL,387,282,NULL,0,0,2139.62),(998,1,1,NULL,-2550.97,984.145,78.2734,0,0,0,NULL,NULL,388,869,NULL,0,0,2735.35),(999,2,1,1,NULL,NULL,NULL,0,0,0,52,NULL,NULL,NULL,52,0,5,NULL),(1000,1,1,NULL,-1122.55,-628.328,32.0078,0,0,0,NULL,NULL,389,320,NULL,0,0,1286.83),(1001,1,1,NULL,-1564.58,313.914,7.1875,0.001,0.001,0,NULL,NULL,390,372,NULL,0,0,1595.78),(1002,1,1,NULL,-383.863,-1040.53,58.89,-1.48975,0.857999,0,NULL,NULL,391,535,NULL,0,0,1110.64),(1003,1,1,NULL,-1624.68,-577.724,14.1484,0,0,0,NULL,NULL,392,335,NULL,0,0,1724.4),(1004,1,1,NULL,-2823.93,-1522.89,139.289,0,0,0,NULL,NULL,393,750,NULL,0,0,3211.41),(1005,1,1,NULL,-1122.52,-602.731,32.0078,0,0,0,NULL,NULL,394,321,NULL,0,0,1274.5),(1006,65,66,66,-2424.11,-139.861,35.17,0,0,0,NULL,NULL,1100,NULL,62,0,146,2428.4),(1007,66,66,NULL,-2569.22,-263.842,21.1294,0,0,0,NULL,NULL,455,962,NULL,0,0,2582.82),(1008,66,66,NULL,-1459.22,341.615,7.1875,0,0,0,NULL,NULL,456,364,NULL,0,0,1498.69),(1009,66,66,NULL,-346.511,-1046.39,59.8125,0,0,0,NULL,NULL,457,534,NULL,0,0,1103.89),(1010,66,66,NULL,-1404.07,-542.124,14.1719,0,0,0,NULL,NULL,458,981,NULL,0,0,1505.16),(1011,66,66,NULL,-2884.91,-1507.15,136.53,0,0,0,NULL,NULL,459,752,NULL,0,0,3257.74),(1012,66,66,NULL,-1509.89,1032.66,7.18455,0,0,0,NULL,NULL,460,462,NULL,0,0,1829.26),(1013,66,66,NULL,NULL,NULL,NULL,0,0,0,52,NULL,NULL,NULL,NULL,0,0,NULL),(1014,66,66,NULL,-2779.65,-185.21,13.0627,0,0,0,NULL,NULL,461,263,NULL,0,0,2785.84),(1015,66,66,NULL,-2241.43,1054.16,82.9582,0,0,0,NULL,NULL,462,850,NULL,0,0,2478.33),(1016,68,68,NULL,-1336.46,338.38,7.19363,0,0,0,NULL,NULL,463,368,NULL,0,0,1378.65),(1017,68,68,NULL,-463.559,-2049.6,71.2915,0,0,0,NULL,NULL,464,636,NULL,0,0,2102.58),(1018,68,68,NULL,-1806.33,550.415,35.1641,0,0,0,NULL,NULL,465,300,NULL,0,0,1888.66),(1019,68,68,NULL,-2669.49,696.748,27.9198,0,0,0,NULL,NULL,466,816,NULL,0,0,2759.06),(1020,68,68,NULL,-1702.44,1357.96,17.25,0,0,0,NULL,NULL,467,449,NULL,0,0,2177.76),(1021,68,68,NULL,-1468.82,-1522.38,101.751,0,0,0,NULL,NULL,468,505,NULL,0,0,2117.88),(1022,68,68,NULL,-2537.93,64.5351,9.46277,0,0,0,NULL,NULL,469,770,NULL,0,0,2538.77),(1023,68,68,NULL,-2884.85,979.168,40.7188,0,0,0,NULL,NULL,470,418,NULL,0,0,3046.77),(1024,68,68,NULL,-1832.89,672.45,30.4313,0,0,0,NULL,NULL,471,889,NULL,0,0,1952.59),(1025,68,68,NULL,-1661.85,506.161,37.9703,0,0,0,NULL,NULL,472,474,NULL,0,0,1737.64),(1026,68,68,NULL,-1448.22,508.95,10.0009,0,0,0,NULL,NULL,473,383,NULL,0,0,1535.08),(1027,68,68,NULL,-2705.05,1504.99,1.80903,0,0,0,NULL,NULL,474,756,NULL,0,0,3095.53),(1028,68,68,NULL,-1900.67,155.56,27.5625,0,0,0,NULL,NULL,475,916,NULL,0,0,1907.22),(1029,68,68,NULL,-1477.13,326.912,7.1875,0,0,0,NULL,NULL,476,370,NULL,0,0,1512.89),(1030,68,68,NULL,-2537.28,36.0431,8.55755,0,0,0,NULL,NULL,477,771,NULL,0,0,2537.55),(1031,68,68,NULL,-1460.07,-1571.09,101.75,0,0,0,NULL,NULL,478,512,NULL,0,0,2147.2),(1032,68,68,NULL,313.443,-97.51,3.53539,0,0,0,NULL,NULL,479,668,NULL,0,0,328.279),(1033,68,68,NULL,-2673.22,126.521,4.42923,0,0,0,NULL,NULL,1091,NULL,39,0,0,2676.21),(1034,4,4,NULL,-1985.26,641.087,46.5683,0,0,0,NULL,NULL,487,883,NULL,0,0,2086.72),(1035,4,4,NULL,251.434,-54.195,1.57764,0,0,0,NULL,NULL,488,657,NULL,0,0,257.213),(1036,4,4,NULL,-1379.65,493.823,27.6945,0,0,0,NULL,NULL,489,373,NULL,0,0,1465.63),(1037,4,4,NULL,-1291.8,491.33,11.1953,0,0,0,NULL,NULL,490,380,NULL,0,0,1382.13),(1038,4,4,NULL,153.1,-1959.8,3.77344,0,0,0,NULL,NULL,491,744,NULL,0,0,1965.77),(1039,4,4,NULL,-1228.34,52.8928,17.6478,0,0,0,NULL,NULL,492,972,NULL,0,0,1229.6),(1040,4,4,NULL,-410.503,-2152.77,83.4453,0,0,0,NULL,NULL,493,631,NULL,0,0,2193.15),(1041,4,4,NULL,-435.798,-60.3049,58.875,0,0,0,NULL,NULL,494,638,NULL,0,0,443.873),(1042,4,4,NULL,-1475.97,149.858,18.7734,0,0,0,NULL,NULL,495,904,NULL,0,0,1483.68),(1043,4,4,NULL,NULL,NULL,NULL,0,0,0,31,NULL,NULL,NULL,NULL,0,0,NULL),(1044,3,3,NULL,NULL,NULL,NULL,0,0,0,NULL,999,NULL,NULL,NULL,0,5,NULL),(1045,3,3,NULL,-528.447,-102.573,63.2969,0.001,0.001,0,NULL,NULL,1,641,NULL,0,30,542.018),(1046,3,3,NULL,-1900.38,-1682.31,23.0156,0.001,0.001,0,NULL,NULL,2,614,NULL,0,30,2538.14),(1047,3,3,NULL,-2375.93,931.535,45.4453,0,0,0,NULL,NULL,3,860,NULL,0,30,2552.42),(1048,3,3,NULL,-2277.72,837.785,57.182,19.3196,-11.1473,0,NULL,NULL,1073,NULL,23,0,30,2427.59),(1049,3,3,NULL,-1726.29,-1650.65,21.75,0,0,0,NULL,NULL,1074,NULL,62,0,30,2388.56),(1050,3,3,NULL,NULL,NULL,NULL,0,0,0,NULL,987,NULL,NULL,39,0,30,NULL),(1051,3,3,NULL,-1775.98,957.821,24.8828,0,0,0,NULL,NULL,4,463,NULL,0,30,2017.96),(1052,3,3,NULL,-2341.34,729.412,42.8542,0.001,0.001,0,NULL,NULL,5,799,NULL,0,30,2452.7),(1053,3,3,NULL,-2110.75,-448.568,38.7344,0.001,0.001,0,NULL,NULL,6,494,NULL,0,30,2158.24),(1054,3,3,NULL,-2533.94,1151.4,55.5665,-1.69854,1.642,0,NULL,NULL,7,878,NULL,0,30,2783.82),(1055,3,3,NULL,-1844.59,-1624.69,21.836,0.001,0.001,0,NULL,NULL,8,620,NULL,0,30,2458.17),(1056,3,3,NULL,-2232.63,1256.94,39.1484,5.10224,8.84275,0,NULL,NULL,9,476,NULL,0,30,2562.43),(1057,3,3,NULL,-2681.2,91.5029,7.20312,0.001,0.001,0,NULL,NULL,10,234,NULL,0,30,2682.77),(1058,3,3,NULL,-2300.33,722.024,49.4177,0.001,0.001,0,NULL,NULL,11,798,NULL,0,30,2411.49),(1059,3,3,NULL,-2222.62,609.991,35.1641,0,0,0,NULL,NULL,12,791,NULL,0,30,2305.07),(1060,3,3,NULL,-2428.25,-154.036,35.31,0,0,0,NULL,NULL,1075,NULL,62,0,30,2433.38),(1061,3,3,NULL,-2723.04,-17.0511,7.20312,0.001,0.001,0,NULL,NULL,13,247,NULL,0,30,2723.1),(1062,3,3,NULL,-2551.58,1148.58,55.7266,0,0,0,NULL,NULL,14,877,NULL,0,30,2798.73),(1063,3,3,NULL,244.19,-47.034,1.57812,0,0,0,NULL,NULL,15,659,NULL,0,30,248.683),(1064,3,3,NULL,-1051.25,-683.047,32.3516,0,0,0,NULL,NULL,16,318,NULL,0,30,1254.08),(1065,3,3,NULL,NULL,NULL,NULL,0,0,0,NULL,987,NULL,NULL,NULL,0,30,NULL),(1066,3,3,NULL,-2277.21,587.79,37.2026,0.001,0.001,0,NULL,NULL,17,792,NULL,0,30,2352.14),(1067,3,3,NULL,-1867.55,-1623.94,21.8749,0.001,0.001,0,NULL,NULL,18,617,NULL,0,30,2474.96),(1068,3,3,NULL,-1845.83,-1710.55,41.11,0.001,0.001,0,NULL,NULL,19,623,NULL,0,30,2516.89),(1069,3,3,NULL,-2464.01,896.979,62.9935,0.001,0.001,0,NULL,NULL,20,862,NULL,0,30,2622.95),(1070,3,3,NULL,-157.687,-249.731,1.42969,0,0,0,NULL,NULL,21,687,NULL,0,30,295.352),(1071,3,3,NULL,-2275.91,-2603.23,34.5101,-1.83026,3.70202,0,NULL,NULL,1076,NULL,79,0,30,3458),(1072,3,3,NULL,-408.527,-1426.05,25.9906,-7.01845,-12.1638,0,NULL,NULL,22,530,NULL,0,30,1483.64),(1073,3,3,NULL,-1441.32,-1446.68,101.922,0.001,0.001,0,NULL,NULL,23,507,NULL,0,30,2044.67),(1074,3,3,NULL,-2375.92,910.626,45.4453,0,0,0,NULL,NULL,24,861,NULL,0,30,2544.86),(1075,3,3,NULL,-1678.88,556.446,38.4283,0,0,0,NULL,NULL,25,475,NULL,0,30,1769.11),(1076,3,3,NULL,-74.5623,-1107.11,1.07812,0,0,0,NULL,NULL,26,540,NULL,0,30,1109.62),(1077,3,3,NULL,-1336.17,369.204,7.19363,0.001,0.001,0,NULL,NULL,27,362,NULL,0,30,1386.26),(1078,3,3,NULL,-2307.28,1129.5,56.6409,-12.4051,15.0618,0,NULL,NULL,28,442,NULL,0,30,2569.54),(1079,3,3,NULL,-2678.05,113.141,4.33575,0,0,0,NULL,NULL,29,236,NULL,0,30,2680.44),(1080,3,3,NULL,-2074.04,-942.891,32.1719,0,0,0,NULL,NULL,30,501,NULL,0,30,2278.53),(1081,3,3,NULL,-1935.61,1090.14,53.2662,0.001,0.001,0,NULL,NULL,31,305,NULL,0,30,2222.12),(1082,3,3,NULL,818.46,-510.895,18.0129,0.001,0.001,0,NULL,NULL,32,743,NULL,0,30,964.995),(1083,3,3,NULL,-1372.49,368.73,7.1875,0.001,0.001,0,NULL,NULL,33,359,NULL,0,30,1421.18),(1084,3,3,NULL,-1344.16,368.836,7.1875,0.001,0.001,0,NULL,NULL,34,361,NULL,0,30,1393.86),(1085,3,3,NULL,-2580.28,993.264,78.2734,0,0,0,NULL,NULL,35,870,NULL,0,30,2765.96),(1086,3,3,NULL,-2487.99,919.804,64.1337,0.001,0.001,0,NULL,NULL,36,863,NULL,0,30,2653.35),(1087,3,3,NULL,-2684.75,1430.84,7.09375,0.001,0.001,0,NULL,NULL,37,754,NULL,0,30,3042.24),(1088,3,3,NULL,NULL,NULL,NULL,0,0,0,NULL,987,NULL,NULL,NULL,0,30,NULL),(1089,3,3,NULL,-2480.91,1067.09,55.7386,0.496613,-0.286544,0,NULL,NULL,38,872,NULL,0,30,2701.24),(1090,3,3,NULL,-2277.4,644.568,49.4453,0.001,0.001,0,NULL,NULL,39,793,NULL,0,30,2367.37),(1091,3,3,NULL,316.814,-87.6852,2.5353,4.54535,7.87761,0,NULL,NULL,40,667,NULL,0,30,328.734),(1092,3,3,NULL,-2401.3,935.856,45.4453,0.001,0.001,0,NULL,NULL,41,859,NULL,0,30,2577.62),(1093,3,3,NULL,-2539.51,763.201,38.2238,0.001,0.001,0,NULL,NULL,42,804,NULL,0,30,2651.99),(1094,3,3,NULL,-1417.65,-1545.44,101.758,0,0,0,NULL,NULL,43,503,NULL,0,30,2099.64),(1095,3,3,NULL,-2173.83,816.335,62.6298,-11.1473,-19.3196,0,NULL,NULL,1077,NULL,23,0,30,2322.9),(1096,3,3,NULL,-2281.05,1023.19,83.9961,0.001,0.001,0,NULL,NULL,44,852,NULL,0,30,2501.43),(1097,3,3,NULL,242.288,-178.739,1.57812,0.001,0.001,0,NULL,NULL,45,675,NULL,0,30,301.087),(1098,3,3,NULL,-1094.42,-604.965,34.0896,0,0,0,NULL,NULL,46,322,NULL,0,30,1250.96),(1099,84,84,NULL,-2512.66,1004.77,78.337,0.28593,0.496462,0,NULL,NULL,685,871,NULL,0,30,2707.24),(1100,84,84,NULL,-2097.68,-949.874,32.1719,0.001,0.001,0,NULL,NULL,686,502,NULL,0,30,2302.95),(1101,84,84,NULL,-2538.72,728.669,28.5639,0.001,0.001,0,NULL,NULL,687,803,NULL,0,30,2641.38),(1102,84,84,NULL,-2134.47,146.698,41.3584,0.707354,-1.06878,0,NULL,NULL,688,285,NULL,0,30,2139.9),(1103,84,84,NULL,NULL,NULL,NULL,0,0,0,NULL,1006,NULL,NULL,NULL,0,29,NULL),(1104,84,84,NULL,NULL,NULL,NULL,0,0,0,41,NULL,NULL,NULL,41,0,30,NULL),(1105,84,84,NULL,824.814,-575.667,16.3359,0,0,0,NULL,NULL,689,740,NULL,0,30,1005.97),(1106,84,84,NULL,NULL,NULL,NULL,0,0,0,NULL,1006,NULL,NULL,NULL,0,30,NULL),(1107,84,84,NULL,NULL,NULL,NULL,0,0,0,NULL,1006,NULL,NULL,NULL,0,30,NULL),(1108,84,84,NULL,-2676.38,132.257,4.33575,0,0,0,NULL,NULL,690,238,NULL,0,30,2679.65),(1109,84,84,NULL,-1681.55,1399.67,12.2031,0,0,0,NULL,NULL,691,446,NULL,0,30,2187.88),(1110,84,84,NULL,-2688.79,137.023,4.34258,0.001,0.001,0,NULL,NULL,692,239,NULL,0,30,2692.28),(1111,84,84,NULL,-1352.12,368.604,7.1875,0.001,0.001,0,NULL,NULL,693,360,NULL,0,30,1401.48),(1112,84,84,NULL,-1473.05,378.947,7.1875,0.001,0.001,0,NULL,NULL,694,354,NULL,0,30,1521.03),(1113,84,84,NULL,-1478.24,431.591,7.1875,0.001,0.001,0,NULL,NULL,695,345,NULL,0,30,1539.97),(1114,84,84,NULL,-2192.25,796.929,55.2729,0.001,0.001,0,NULL,NULL,696,387,NULL,0,30,2333.26),(1115,84,84,NULL,241.635,-166.728,1.57812,0.001,0.001,0,NULL,NULL,697,676,NULL,0,30,293.578),(1116,84,84,NULL,-2631.54,1427.02,7.09375,0,0,0,NULL,NULL,698,753,NULL,0,30,2993.57),(1117,84,84,NULL,-1434.14,-1532.9,101.755,0,0,0,NULL,NULL,699,504,NULL,0,30,2101.64),(1118,84,84,NULL,274.574,-158.482,1.57045,0,0,0,NULL,NULL,700,672,NULL,0,30,317.033),(1119,84,84,NULL,-1773.65,882.235,25.0859,0.001,0.001,0,NULL,NULL,701,930,NULL,0,30,1981.11),(1120,84,84,NULL,813.527,-564.57,16.3359,0,0,0,NULL,NULL,702,741,NULL,0,30,990.37),(1121,84,84,NULL,-2276.8,-2602.72,34.5048,3.48916,2.61358,0,NULL,NULL,1101,NULL,79,0,30,3458.21),(1122,84,84,NULL,-1848.05,-1673.22,21.75,0.001,0.001,0,NULL,NULL,703,612,NULL,0,30,2493.08),(1123,84,84,NULL,-2638.73,730.579,30.0757,0,0,0,NULL,NULL,704,814,NULL,0,30,2738.16),(1124,84,84,NULL,NULL,NULL,NULL,0,0,0,NULL,1006,NULL,NULL,NULL,0,30,NULL),(1125,84,84,NULL,-482.921,-545.431,29.1215,0,0,0,NULL,NULL,705,326,NULL,0,30,729.079),(1126,84,84,NULL,-2545.73,797.008,49.8348,-2.83155,-9.50853,0,NULL,NULL,706,805,NULL,0,30,2668.04),(1127,84,84,NULL,304.367,-121.769,3.53539,0,0,0,NULL,NULL,707,671,NULL,0,30,327.841),(1128,84,84,NULL,-2649.05,803.684,49.9766,0.001,0.001,0,NULL,NULL,708,390,NULL,0,30,2768.73),(1129,84,84,NULL,2328.47,199.242,27.356,8.36481,-4.81759,0,NULL,NULL,709,730,NULL,0,30,2337.14),(1130,84,84,NULL,-2545.09,222.122,31.8403,0,0,0,NULL,NULL,710,221,NULL,0,30,2554.96),(1131,84,84,NULL,NULL,NULL,NULL,0,0,0,NULL,1006,NULL,NULL,NULL,0,27,NULL),(1132,84,84,NULL,-537.218,-102.986,63.2969,0.001,0.001,0,NULL,NULL,711,642,NULL,0,30,550.65),(1133,84,84,NULL,-2280.76,1070.57,81.4953,9.47765,0.479472,0,NULL,NULL,1102,NULL,39,0,30,2520.84),(1134,447,447,NULL,-1118.09,-1624.89,76.3739,0.001,0.001,0,NULL,NULL,854,521,NULL,0,7,1973.89),(1135,447,447,NULL,-2913.56,1171.25,13.6641,0,0,0,NULL,NULL,855,426,NULL,0,7,3140.2),(1136,447,447,NULL,-1691.33,1387.89,14.7891,0,0,0,NULL,NULL,856,448,NULL,0,7,2187.93),(1137,447,447,NULL,-1069.17,-679.095,32.3516,0,0,0,NULL,NULL,857,319,NULL,0,7,1267.02),(1138,447,447,NULL,-2110.89,-440.861,38.7344,0.001,0.001,0,NULL,NULL,858,495,NULL,0,7,2156.78),(1139,447,447,NULL,-1854.51,1302.91,59.7344,0,0,0,NULL,NULL,859,759,NULL,0,7,2267.23),(1140,447,447,NULL,1359.02,237.853,19.5669,0,0,0,NULL,NULL,860,710,NULL,0,7,1379.82),(1141,447,447,NULL,-441.729,-2133.82,90.1666,-0.139135,6.08055,0,NULL,NULL,861,633,NULL,0,7,2180.93),(1142,447,447,NULL,-2188.05,-253.827,40.7195,0.001,0.001,0,NULL,NULL,862,955,NULL,0,7,2203.1),(1143,447,447,NULL,-385.676,-1438.67,26.3203,0.001,0.001,0,NULL,NULL,863,523,NULL,0,7,1489.7),(1144,447,447,NULL,-1303.14,490.077,11.1953,0.001,0.001,0,NULL,NULL,864,379,NULL,0,7,1392.29),(1145,447,447,NULL,1051.89,-344.286,73.9922,0,0,0,NULL,NULL,865,738,NULL,0,7,1109.27),(1146,447,447,NULL,-2723.07,-33.7518,4.07483,0.001,0.001,0,NULL,NULL,866,248,NULL,0,7,2723.28),(1147,447,447,NULL,2204.69,62.2701,28.4416,0.001,0.001,0,NULL,NULL,867,715,NULL,0,7,2205.75),(1148,447,447,NULL,-441.078,-2143.63,89.7289,0.737234,5.34809,0,NULL,NULL,868,632,NULL,0,7,2190.38),(1149,447,447,NULL,-1444.11,-1585.87,101.758,0,0,0,NULL,NULL,869,513,NULL,0,7,2147.28),(1150,447,447,NULL,-1180.17,60.1786,1.96094,0,0,0,NULL,NULL,870,976,NULL,0,7,1181.7),(1151,447,447,NULL,-1423.24,513.189,10.0156,0.001,0.001,0,NULL,NULL,871,384,NULL,0,7,1512.97),(1152,447,447,NULL,-1438.52,-1586.04,101.758,0,0,0,NULL,NULL,872,514,NULL,0,7,2143.65),(1153,447,447,NULL,-1364.46,515.887,11.1971,0.001,0.001,0,NULL,NULL,873,382,NULL,0,7,1458.77),(1154,447,447,NULL,-2314.73,1063.03,65.5859,0,0,0,NULL,NULL,874,485,NULL,0,7,2548),(1155,447,447,NULL,-2809,-1528.72,140.844,0.001,0.001,0,NULL,NULL,875,746,NULL,0,7,3201.14),(1156,447,447,NULL,-1333.16,516.56,11.1971,0.001,0.001,0,NULL,NULL,876,381,NULL,0,7,1429.78),(1157,447,447,NULL,-2689.07,-89.5449,4.33594,0.001,0.001,0,NULL,NULL,877,250,NULL,0,7,2690.56),(1158,447,447,NULL,-1396.56,497.945,5.04252,0.001,0.001,0,NULL,NULL,878,915,NULL,0,7,1482.68),(1159,447,447,NULL,-2808.31,-1517.28,140.844,0,0,0,NULL,NULL,879,745,NULL,0,7,3195.09),(1160,447,447,NULL,-1317.38,491.045,11.1953,0.001,0.001,0,NULL,NULL,880,378,NULL,0,7,1405.97),(1161,447,447,NULL,-2062.23,1434.48,7.10067,0,0,0,NULL,NULL,881,757,NULL,0,7,2512.09),(1162,447,447,NULL,-2818.26,-1516.9,140.844,0.001,0.001,0,NULL,NULL,882,748,NULL,0,7,3203.66),(1163,447,447,NULL,-1346.29,492.218,11.2027,0.001,0.001,0,NULL,NULL,883,376,NULL,0,7,1433.49),(1164,6,6,NULL,-1322.74,490.659,11.1953,0.001,0.001,0,NULL,NULL,894,377,NULL,0,10,1410.86),(1165,6,6,NULL,-2817.66,-1528.04,140.844,0.001,0.001,0,NULL,NULL,895,749,NULL,0,10,3208.42),(1166,6,6,NULL,-2813.43,-1517.22,140.844,0.001,0.001,0,NULL,NULL,896,747,NULL,0,10,3199.56),(1167,6,6,NULL,-1078.22,-212.505,1.96094,0,0,0,NULL,NULL,897,980,NULL,0,10,1098.96),(1168,6,6,NULL,-2093.85,1435.16,7.10156,0,0,0,NULL,NULL,898,758,NULL,0,10,2538.49),(1169,6,6,NULL,-1371.07,499.507,11.1953,0.001,0.001,0,NULL,NULL,899,375,NULL,0,10,1459.27),(1170,6,6,NULL,-449.131,-2108.34,88.3138,4.03827,10.5576,0,NULL,NULL,900,634,NULL,0,10,2157.46),(1171,6,6,NULL,-1798.75,1231.86,20.6641,0,0,0,NULL,NULL,901,433,NULL,0,10,2180.23),(1172,6,6,NULL,-460.079,-2097.24,87.2993,1.99184,14.5203,0,NULL,NULL,902,635,NULL,0,10,2148.89),(1173,6,6,NULL,-2116.94,926.077,86.0791,0,0,0,NULL,NULL,903,832,NULL,0,10,2312.24),(1174,7,7,NULL,NULL,NULL,NULL,0,0,0,36,NULL,NULL,NULL,NULL,0,100,NULL),(1175,7,7,NULL,-2551.9,818.609,49.991,0,0,0,NULL,NULL,312,806,NULL,0,100,2680.45),(1176,7,7,NULL,-2685.85,1417.37,7.09375,0,0,0,NULL,NULL,313,755,NULL,0,100,3036.9),(1177,7,7,NULL,-2298.16,72.4242,35.3047,0,0,0,NULL,NULL,314,1248,NULL,0,100,2299.57),(1178,7,7,NULL,-2679.67,866.432,76.2734,0,0,0,NULL,NULL,315,396,NULL,0,100,2817.3),(1179,7,7,NULL,-2636.84,956.473,70.3722,0,0,0,NULL,NULL,316,394,NULL,0,100,2805.84),(1180,7,7,NULL,-1671.19,1205.25,21.1562,0,0,0,NULL,NULL,317,455,NULL,0,100,2060.57),(1181,7,7,NULL,-2223.08,1081.27,80.0078,0,0,0,NULL,NULL,318,844,NULL,0,100,2473.38),(1182,7,7,NULL,-2054.47,-2260.87,31.8226,0,0,0,NULL,NULL,319,604,NULL,0,100,3055.06),(1183,7,7,NULL,-1704.13,1370.01,7.17219,0,0,0,NULL,NULL,320,450,NULL,0,100,2186.56),(1184,7,7,NULL,-520.497,-503.135,24.7914,0,0,0,NULL,NULL,321,324,NULL,0,100,724.346),(1185,7,7,NULL,-2850.61,930.667,44.0547,0,0,0,NULL,NULL,322,415,NULL,0,100,2999.01),(1186,7,7,NULL,-1680.02,1210.37,21.1562,0,0,0,NULL,NULL,323,454,NULL,0,100,2070.73),(1187,7,7,NULL,2492.31,133.414,27.0619,0,0,0,NULL,NULL,324,727,NULL,0,100,2496.03),(1188,7,7,NULL,-1685.33,-489.629,14.1484,0,0,0,NULL,NULL,325,338,NULL,0,100,1755.07),(1189,7,7,NULL,-1733.19,1233.85,18.3281,0,0,0,NULL,NULL,326,432,NULL,0,100,2127.6),(1190,7,7,NULL,-2509.29,-113.619,25.6172,0,0,0,NULL,NULL,327,764,NULL,0,100,2511.99),(1191,7,7,NULL,-2312.91,947.72,59.7242,0,0,0,NULL,NULL,328,855,NULL,0,100,2500.26),(1192,7,7,NULL,-621.598,-470.388,25.5234,0,0,0,NULL,NULL,329,330,NULL,0,100,779.936),(1193,7,7,NULL,1587.45,25.2883,24.1412,0,0,0,NULL,NULL,330,735,NULL,0,100,1587.83),(1194,7,7,NULL,-1116.87,-1616.43,76.3672,0,0,0,NULL,NULL,331,520,NULL,0,100,1966.23),(1195,7,7,NULL,2553.73,9.57267,27.0423,0,0,0,NULL,NULL,332,726,NULL,0,100,2553.89),(1196,7,7,NULL,-2592.35,940.531,70.4734,0,0,0,NULL,NULL,333,1172,NULL,0,100,2758.59),(1197,7,7,NULL,1353.62,-629.408,109.133,0,0,0,NULL,NULL,334,705,NULL,0,100,1496.78),(1198,7,7,NULL,-2277.61,707.17,49.4453,0,0,0,NULL,NULL,335,797,NULL,0,100,2385.38),(1199,7,7,NULL,2207.2,54.7023,27.5624,0,0,0,NULL,NULL,336,716,NULL,0,100,2208.05),(1200,7,7,NULL,-2193.84,327.856,35.3203,0,0,0,NULL,NULL,337,784,NULL,0,100,2218.48),(1201,7,7,NULL,-2735.27,721.818,41.2734,0,0,0,NULL,NULL,338,818,NULL,0,100,2829.21),(1202,7,7,NULL,-2890.24,784.452,35.0312,0,0,0,NULL,NULL,339,411,NULL,0,100,2995.01),(1203,7,7,NULL,2503.62,134.536,26.4766,0,0,0,NULL,NULL,340,729,NULL,0,100,2507.37),(1204,7,7,NULL,-2198.35,966.597,80,0,0,0,NULL,NULL,341,439,NULL,0,100,2402.8),(1205,7,7,NULL,-1929.02,640.068,46.5625,0,0,0,NULL,NULL,342,1285,NULL,0,100,2032.97),(1206,7,7,NULL,-2932.16,1124.76,27.4062,0,0,0,NULL,NULL,343,425,NULL,0,100,3140.6),(1207,7,7,NULL,-2288.43,968.9,65.7619,0,0,0,NULL,NULL,344,854,NULL,0,100,2485.96),(1208,7,7,NULL,-551.768,-181.439,78.4062,0,0,0,NULL,NULL,345,646,NULL,0,100,586.102),(1209,7,7,NULL,-2221.68,139.387,35.3279,0,0,0,NULL,NULL,346,1252,NULL,0,100,2226.33),(1210,7,7,NULL,-88.1759,-1212.32,2.89062,0,0,0,NULL,NULL,347,545,NULL,0,100,1215.53),(1211,7,7,NULL,1590.77,27.0431,24.3851,0,0,0,NULL,NULL,348,736,NULL,0,100,1591.19),(1212,7,7,NULL,-2107.56,135.732,35.1279,0,0,0,NULL,NULL,349,280,NULL,0,100,2112.22),(1213,7,7,NULL,NULL,NULL,NULL,0,0,0,65,NULL,NULL,NULL,NULL,0,100,NULL),(1214,7,7,NULL,-2570.12,875.43,61.8889,0,0,0,NULL,NULL,350,406,NULL,0,100,2715.83),(1215,7,7,NULL,-2670.26,938.238,78.0434,0,0,0,NULL,NULL,351,391,NULL,0,100,2831.37),(1216,7,7,NULL,-2852.62,920.471,44.0547,0,0,0,NULL,NULL,352,821,NULL,0,100,2997.77),(1217,7,7,NULL,NULL,NULL,NULL,0,0,0,31,NULL,NULL,NULL,NULL,0,100,NULL),(1218,7,7,NULL,-1739.46,1235.66,7.54688,0,0,0,NULL,NULL,353,429,NULL,0,100,2133.69),(1219,1900,1900,NULL,-1648.42,1204.2,13.6719,0.001,0.001,0,NULL,NULL,405,453,NULL,0,0,2041.46),(1220,1900,1900,NULL,-1647.47,1204.18,21.1562,0.001,0.001,0,NULL,NULL,406,457,NULL,0,0,2040.75),(1221,1900,1900,NULL,-2198.42,146.655,35.3865,-1.8122,0.012886,0,NULL,NULL,407,780,NULL,0,0,2203.59),(1222,1900,1900,NULL,-2277.17,-2601.77,34.4527,1.11558,3.97602,0,NULL,NULL,1090,NULL,79,0,0,3457.73),(1223,1900,1900,NULL,-2580.43,983.114,78.2734,0,0,0,NULL,NULL,408,868,NULL,0,0,2762.47),(1224,1900,1900,NULL,-1956.79,306.606,41.0471,0.001,0.001,0,NULL,NULL,409,294,NULL,0,0,1981.09),(1225,1900,1900,NULL,-2157.17,496.027,35.1719,0.001,0.001,0,NULL,NULL,410,787,NULL,0,0,2213.74),(1226,1900,1900,NULL,-1977.09,1188.64,45.4453,0.001,0.001,0,NULL,NULL,411,307,NULL,0,0,2307.34),(1227,1900,1900,NULL,-2036.65,178.234,28.8359,0,0,0,NULL,NULL,412,276,NULL,0,0,2044.64),(1228,1900,1900,NULL,-1775.96,967.334,24.7344,0.001,0.001,0,NULL,NULL,413,464,NULL,0,0,2022.47),(1229,1900,1900,NULL,-2892.43,742.909,29.1719,0,0,0,NULL,NULL,414,410,NULL,0,0,2986.46),(1230,1900,1900,NULL,1587.87,33.5401,24.5777,0.001,0.001,0,NULL,NULL,415,737,NULL,0,0,1588.41),(1231,1900,1900,NULL,-2736.86,-100.95,4.48788,9.17859,2.98877,0,NULL,NULL,416,259,NULL,0,0,2738.72),(1232,1900,1900,NULL,663.959,-551.815,16.3359,0,0,0,NULL,NULL,417,691,NULL,0,0,863.486),(1233,1900,1900,NULL,-1726.08,1242.77,7.54688,0.001,0.001,0,NULL,NULL,418,431,NULL,0,0,2126.94),(1234,1900,1900,NULL,-2234.24,-2567.94,31.9219,0,0,0,NULL,NULL,419,594,NULL,0,0,3403.99),(1235,1900,1900,NULL,-1664.92,1225.67,21.1562,0.001,0.001,0,NULL,NULL,420,458,NULL,0,0,2067.53),(1236,1900,1900,NULL,-2665.36,914.39,79.677,0,0,0,NULL,NULL,421,392,NULL,0,0,2818.97),(1237,1900,1900,NULL,-1697.81,1365.32,7.17969,0.001,0.001,0,NULL,NULL,422,451,NULL,0,0,2178.69),(1238,1900,1900,NULL,-2908.79,1054.35,32.1328,0,0,0,NULL,NULL,423,824,NULL,0,0,3094.15),(1239,1900,1900,NULL,-2002.14,1376.59,7.18414,0,0,0,NULL,NULL,424,314,NULL,0,0,2429.74),(1240,1900,1900,NULL,-2080.05,899.714,64.1328,0.001,0.001,0,NULL,NULL,425,301,NULL,0,0,2267.2),(1241,1900,1900,NULL,-2450.05,963.719,45.3016,0.177455,-0.544969,0,NULL,NULL,426,480,NULL,0,0,2633.16),(1242,1900,1900,NULL,-62.1682,-1121.72,1.3009,-8.46854,0.254302,0,NULL,NULL,427,538,NULL,0,0,1123.44),(1243,1900,1900,NULL,NULL,NULL,NULL,0,0,0,36,NULL,NULL,NULL,NULL,0,0,NULL),(1244,1900,1900,NULL,1917.54,174.312,37.2756,0.001,0.001,0,NULL,NULL,428,714,NULL,0,0,1925.81),(1245,1900,1900,NULL,-1846.69,1113.87,45.4453,0.001,0.001,0,NULL,NULL,429,467,NULL,0,0,2157.09),(1246,1900,1900,NULL,250.465,-50.3156,1.57812,0,0,0,NULL,NULL,430,658,NULL,0,0,255.474),(1247,1900,1900,NULL,-364.687,-1418.78,25.7266,0.001,0.001,0,NULL,NULL,431,526,NULL,0,0,1465.13),(1248,1900,1900,NULL,NULL,NULL,NULL,0,0,0,53,NULL,NULL,NULL,NULL,0,0,NULL),(1249,1900,1900,NULL,NULL,NULL,NULL,0,0,0,39,NULL,NULL,NULL,NULL,0,0,NULL),(1250,1900,1900,NULL,-2073.83,974.323,62.9219,0,0,0,NULL,NULL,432,302,NULL,0,0,2292.17),(1251,1900,1900,NULL,-2117.82,220.074,35.2453,0.001,0.001,0,NULL,NULL,433,287,NULL,0,0,2129.52),(1252,1900,1900,NULL,-1442.69,439.438,7.1875,0.001,0.001,0,NULL,NULL,434,344,NULL,0,0,1508.15),(1253,1900,1900,NULL,-1957.83,293.697,41.0471,0.001,0.001,0,NULL,NULL,435,295,NULL,0,0,1980.16),(1254,1900,1900,NULL,-1709.06,404.444,7.41898,0.001,0.001,0,NULL,NULL,436,471,NULL,0,0,1756.28),(1255,1900,1900,NULL,-186.699,-263.494,1.42969,0,0,0,NULL,NULL,437,686,NULL,0,0,322.936),(1256,1900,1900,NULL,-2620.94,762.328,36.9231,-5.23796,1.30621,0,NULL,NULL,438,812,NULL,0,0,2729.8),(1257,1900,1900,NULL,-2552.33,54.046,16.4219,0,0,0,NULL,NULL,439,769,NULL,0,0,2552.96),(1258,1900,1900,NULL,-1421.38,439.527,7.1875,0.001,0.001,0,NULL,NULL,440,343,NULL,0,0,1487.8),(1259,1899,1900,1900,-2422.66,-139.502,35.17,0,0,0,NULL,NULL,1093,NULL,62,0,20,2426.92),(1260,1899,1900,1900,NULL,NULL,NULL,0,0,0,NULL,720,NULL,NULL,NULL,0,20,NULL),(1261,1900,1900,NULL,-2788.88,-153.086,13.0627,0,0,0,NULL,NULL,441,261,NULL,0,0,2793.11),(1262,1900,1900,NULL,-2109.82,0.450885,35.3203,0,0,0,NULL,NULL,442,279,NULL,0,0,2110.12),(1263,1900,1900,NULL,-620.021,-486.728,25.5234,0,0,0,NULL,NULL,443,329,NULL,0,0,788.658),(1264,8973,8973,NULL,-1847.31,333.744,5.94657,0.001,0.001,0,NULL,NULL,229,1194,NULL,0,1000,1877.23),(1265,8973,8973,NULL,-155.73,-293.831,3.90531,0.001,0.001,0,NULL,NULL,230,684,NULL,0,1000,332.571),(1266,8973,8973,NULL,-2048.61,899.944,53.5522,0.001,0.001,0,NULL,NULL,231,434,NULL,0,1000,2238.21),(1267,8973,8973,NULL,NULL,NULL,NULL,0,0,0,23,NULL,NULL,NULL,23,0,1000,NULL),(1268,8973,8973,NULL,-2066.78,-974.094,32.1719,0.001,0.001,0,NULL,NULL,232,499,NULL,0,1000,2285.05),(1269,8973,8973,NULL,-2438.06,1030.24,50.3906,0,0,0,NULL,NULL,233,478,NULL,0,1000,2647.28),(1270,8973,8973,NULL,-2129.88,541.823,35.1719,0.001,0.001,0,NULL,NULL,234,788,NULL,0,1000,2198),(1271,8973,8973,NULL,-2326.62,1003.86,50.7029,0,0,0,NULL,NULL,235,1176,NULL,0,1000,2534.46),(1272,8973,8973,NULL,-366.513,-1429.78,25.7266,0.001,0.001,0,NULL,NULL,236,528,NULL,0,1000,1476.23),(1273,8973,8973,NULL,-2053.66,-2544.3,31.0668,0.001,0.001,0,NULL,NULL,237,580,NULL,0,1000,3269.85),(1274,8973,8973,NULL,-529.57,-503.432,24.7666,0.897072,-5.06658,0,NULL,NULL,238,323,NULL,0,1000,731.096),(1275,8973,8973,NULL,812.033,-767.291,76.564,-6.34198,-3.45036,0,NULL,NULL,239,698,NULL,0,1000,1119.82),(1276,8973,8973,NULL,-2214.47,496.104,35.1719,0,0,0,NULL,NULL,240,786,NULL,0,1000,2269.63),(1277,8973,8973,NULL,-2232.72,368.35,35.3127,0,0,0,NULL,NULL,241,1262,NULL,0,1000,2263.18),(1278,8973,8973,NULL,1374.45,475.472,20.0501,0.001,0.001,0,NULL,NULL,242,712,NULL,0,1000,1454.51),(1279,8973,8973,NULL,-1811.94,-135.226,6.11681,-0.499302,2.82001,0,NULL,NULL,243,1205,NULL,0,1000,1816.99),(1280,8973,8973,NULL,2481.58,126.296,27.6756,0,0,0,NULL,NULL,244,728,NULL,0,1000,2484.95),(1281,8973,8973,NULL,NULL,NULL,NULL,0,0,0,66,NULL,NULL,NULL,65,0,1000,NULL),(1282,8973,8973,NULL,NULL,NULL,NULL,0,0,0,69,NULL,NULL,NULL,NULL,0,1000,NULL),(1283,8973,8973,NULL,-2652.61,733.055,27.9579,0,0,0,NULL,NULL,245,405,NULL,0,1000,2752.18),(1284,8973,8973,NULL,-2424.56,-140.778,35.17,0,0,0,NULL,NULL,1079,NULL,62,0,1000,2428.9),(1285,8973,8973,NULL,-2091.75,-2285.72,30.625,0,0,0,NULL,NULL,246,605,NULL,0,1000,3098.53),(1286,8973,8973,NULL,NULL,NULL,NULL,0,0,0,36,NULL,NULL,NULL,NULL,0,1000,NULL),(1287,8973,8973,NULL,-2077.65,296.515,35.8038,0.001,0.001,0,NULL,NULL,247,1241,NULL,0,1000,2099.01),(1288,8973,8973,NULL,-1734.4,1238.24,7.54688,0,0,0,NULL,NULL,248,430,NULL,0,1000,2131.07),(1289,8973,8973,NULL,-2563.85,-122.06,9.46245,-14.7857,-3.20008,0,NULL,NULL,249,762,NULL,0,1000,2566.77),(1290,8973,8973,NULL,-2338.93,-92.4859,35.3203,0,0,0,NULL,NULL,250,1326,NULL,0,1000,2341.02),(1291,8973,8973,NULL,-155.81,-287.734,3.90531,0.001,0.001,0,NULL,NULL,251,685,NULL,0,1000,327.235),(1292,8973,8973,NULL,-2787.11,-97.0482,13.7548,0,0,0,NULL,NULL,252,260,NULL,0,1000,2788.83),(1293,8973,8973,NULL,-2174.16,932.58,80,0,0,0,NULL,NULL,253,830,NULL,0,1000,2367.08),(1294,9285,9285,NULL,-471.609,-539.361,29.1215,0,0,0,NULL,NULL,277,325,NULL,0,0,717.059),(1295,9285,9285,NULL,-1584.09,-559.297,14.1484,0,0,0,NULL,NULL,278,333,NULL,0,0,1679.99),(1296,9285,9285,NULL,756.247,-581.059,17.3359,0,0,0,NULL,NULL,279,694,NULL,0,0,953.855),(1297,9285,9285,NULL,-2192.33,819.583,55.2468,0.001,0.001,0,NULL,NULL,280,388,NULL,0,0,2341.17),(1298,9285,9285,NULL,-1658.59,1204.57,21.1562,0.001,0.001,0,NULL,NULL,281,456,NULL,0,0,2049.97),(1299,9285,9285,NULL,1086.56,-641.154,113.275,3.13559,3.3816,0,NULL,NULL,282,702,NULL,0,0,1266.7),(1300,9285,9285,NULL,-1612.34,-572.127,14.144,0,0,0,NULL,NULL,283,334,NULL,0,0,1710.9),(1301,9635,9635,NULL,-2140.83,-268.871,40.7195,0.001,0.001,0,NULL,NULL,659,959,NULL,0,0,2158.03),(1302,9635,9635,NULL,-2422.19,-139.729,35.17,0,0,0,NULL,NULL,1099,NULL,62,0,0,2426.47),(1303,9635,9635,NULL,-1669.26,-598.021,14.1484,0,0,0,NULL,NULL,660,337,NULL,0,0,1773.21),(1304,9635,9635,NULL,-2809.13,-1529.18,144.058,7.70384,-2.05657,0,NULL,NULL,661,751,NULL,0,0,3201.62),(1305,9635,9635,NULL,-1931.06,1376.99,7.1875,0,0,0,NULL,NULL,662,315,NULL,0,0,2371.74),(1306,9635,9635,NULL,-1352.22,-459.394,14.1776,0.001,0.001,0,NULL,NULL,663,986,NULL,0,0,1428.2),(1307,9635,9635,NULL,-2559.97,309.381,15.9453,0,0,0,NULL,NULL,664,487,NULL,0,0,2578.65),(1308,9635,9635,NULL,-2574.08,418.225,17.4688,0,0,0,NULL,NULL,665,219,NULL,0,0,2607.89),(1309,9635,9635,NULL,2330.5,43.2859,32.9884,0,0,0,NULL,NULL,666,723,NULL,0,0,2331.14),(1310,9635,9635,NULL,-2676.57,788.814,49.9766,0,0,0,NULL,NULL,667,402,NULL,0,0,2790.83),(1311,9635,9635,NULL,-1800.99,750.076,24.8906,0,0,0,NULL,NULL,668,923,NULL,0,0,1951.1),(1312,9635,9635,NULL,-1678.93,1378.37,12.3906,0,0,0,NULL,NULL,669,447,NULL,0,0,2172.29),(1313,9635,9635,NULL,-2776.7,-177.542,13.0627,0,0,0,NULL,NULL,670,262,NULL,0,0,2782.4),(1314,9635,9635,NULL,-483.053,-153.168,75.6377,5.1441,12.6025,0,NULL,NULL,671,650,NULL,0,0,512.369),(1315,9635,9635,NULL,-399.016,-1435.57,25.7266,0.001,0.001,0,NULL,NULL,672,522,NULL,0,0,1490.21),(1316,9635,9635,NULL,-1963.89,254.844,47.7031,0,0,0,NULL,NULL,673,298,NULL,0,0,1980.93),(1317,9635,9635,NULL,-2302.66,1099.18,80.0078,0.553953,-0.14788,0,NULL,NULL,674,486,NULL,0,0,2552.81),(1318,9635,9635,NULL,-1762.83,1296.71,62.4844,0,0,0,NULL,NULL,675,761,NULL,0,0,2189.28),(1319,9635,9635,NULL,-2677.74,-222.845,4.62893,3.45333,8.49151,0,NULL,NULL,676,488,NULL,0,0,2687),(1320,9635,9635,NULL,-2133.83,-2270.78,37.0929,0,0,0,NULL,NULL,677,602,NULL,0,0,3116.26),(1321,9635,9635,NULL,-2181.86,-2531.24,31.1172,0,0,0,NULL,NULL,678,590,NULL,0,0,3341.95),(1322,9635,9635,NULL,-2721.95,854.053,73.9844,0,0,0,NULL,NULL,679,398,NULL,0,0,2853.75),(1323,9635,9635,NULL,-2018.18,-2557.5,31.0139,-0.041112,6.51143,0,NULL,NULL,680,611,NULL,0,0,3258.04),(1324,9635,9635,NULL,-2398.9,-254.063,39.7423,-0.701621,-0.406129,0,NULL,NULL,681,489,NULL,0,0,2412.64),(1325,9635,9635,NULL,-1462.21,513.164,3.04138,0.001,0.001,0,NULL,NULL,682,385,NULL,0,0,1549.65),(1326,3718,3718,NULL,-2127.35,1073.99,80.0078,0.001,0.001,0,NULL,NULL,957,837,NULL,0,500,2384.42),(1327,3718,3718,NULL,-2571.18,319.602,10.5625,0,0,0,NULL,NULL,958,1183,NULL,0,500,2590.99),(1328,3718,3718,NULL,-1784.06,698.156,35.1046,0.984511,1.40934,0,NULL,NULL,959,1075,NULL,0,500,1916.12),(1329,3718,3718,NULL,-2491.56,-4.66513,25.7656,0.001,0.001,0,NULL,NULL,960,772,NULL,0,500,2491.7),(1330,3718,3718,NULL,-2499.57,1140.67,55.7266,0,0,0,NULL,NULL,961,875,NULL,0,500,2748.11),(1331,3718,3718,NULL,-2236.98,-1746.7,480.868,0.328592,0.470384,0,NULL,NULL,962,1239,NULL,0,500,2878.59),(1332,3718,3718,NULL,-1476.6,826.448,7.1875,0,0,0,NULL,NULL,963,1122,NULL,0,500,1692.16),(1333,3718,3718,NULL,8.28241,-2769.8,40.8264,0,0,0,NULL,NULL,964,995,NULL,0,500,2770.11),(1334,3718,3718,NULL,-2314.75,101.028,35.3984,0.328216,0.469846,0,NULL,NULL,965,1249,NULL,0,500,2317.22),(1335,3718,3718,NULL,-2597.99,-229.232,17.2643,18.7773,31.8808,0,NULL,NULL,1106,NULL,40,0,500,2608.14),(1336,3718,3718,NULL,-1556.13,96.9679,9.59414,0,0,0,NULL,NULL,966,903,NULL,0,500,1559.18),(1337,3718,3718,NULL,-2134.78,333.158,35.1719,0,0,0,NULL,NULL,967,1060,NULL,0,500,2160.91),(1338,3718,3718,NULL,NULL,NULL,NULL,0,0,0,23,NULL,NULL,NULL,NULL,0,500,NULL),(1339,3718,3718,NULL,-1451.7,1082.3,7.1875,0,0,0,NULL,NULL,968,1116,NULL,0,500,1810.76),(1340,3718,3718,NULL,-2159.07,965.582,80,0.001,0.001,0,NULL,NULL,969,834,NULL,0,500,2366.5),(1341,3718,3718,NULL,NULL,NULL,NULL,0,0,0,33,NULL,NULL,NULL,33,0,500,NULL),(1342,3718,3718,NULL,-2418.89,973.761,45.2969,0,0,0,NULL,NULL,970,858,NULL,0,500,2607.93),(1343,3718,3718,NULL,-1575.39,1276.04,7.17872,0,0,0,NULL,NULL,971,1108,NULL,0,500,2027.36),(1344,3718,3718,NULL,-2356.5,1014.85,50.8984,0.001,0.001,0,NULL,NULL,972,857,NULL,0,500,2566.24),(1345,3718,3718,NULL,-2599.72,-2190.59,27.1268,-4.21811,2.94661,0,NULL,NULL,973,1000,NULL,0,500,3399.7),(1346,3718,3718,NULL,NULL,NULL,NULL,0,0,0,49,NULL,NULL,NULL,NULL,0,500,NULL),(1347,3718,3718,NULL,-2169.39,251.119,35.3307,0.001,0.001,0,NULL,NULL,974,782,NULL,0,500,2184.16),(1348,3718,3718,NULL,NULL,NULL,NULL,0,0,0,50,NULL,NULL,NULL,NULL,0,500,NULL),(1349,3718,3718,NULL,-1812.27,1313.13,19.2422,0.001,0.001,0,NULL,NULL,975,944,NULL,0,500,2238.08),(1350,3718,3718,NULL,-1968.61,161.43,27.6875,0.001,0.001,0,NULL,NULL,976,1057,NULL,0,500,1975.41),(1351,3718,3718,NULL,NULL,NULL,NULL,0,0,0,39,NULL,NULL,NULL,39,0,500,NULL),(1352,3718,3718,NULL,-1420.99,911.155,7.1875,0,0,0,NULL,NULL,977,1120,NULL,0,500,1688.04),(1353,3718,3718,NULL,-1532.75,632.905,7.17833,0,0,0,NULL,NULL,978,1127,NULL,0,500,1658.3),(1354,3718,3718,NULL,-270.363,-1630.58,5.21769,0.001,0.001,0,NULL,NULL,979,1225,NULL,0,500,1652.85),(1355,3718,3718,NULL,-2664.92,638.359,14.4531,0.001,0.001,0,NULL,NULL,980,1041,NULL,0,500,2740.35),(1356,3718,3718,NULL,-2591.82,948.518,74.384,-5.14868,3.59666,0,NULL,NULL,981,1171,NULL,0,500,2760.93),(1357,3718,3718,NULL,-2057.65,251.372,35.1406,0.001,0.001,0,NULL,NULL,982,1054,NULL,0,500,2073.25),(1358,3718,3718,NULL,-1498.03,-1510.97,19.3495,0.001,0.001,0,NULL,NULL,983,1218,NULL,0,500,2127.79),(1359,3718,3718,NULL,-2163.05,-2758.3,37.2501,-3.75162,2.62074,0,NULL,NULL,984,998,NULL,0,500,3505.48),(1360,3718,3718,NULL,-1742.97,1309.67,7.1875,0.001,0.001,0,NULL,NULL,985,1098,NULL,0,500,2180.19),(1361,3718,3718,NULL,-1731.41,1025.61,45.0064,-1.49753,-3.14455,0,NULL,NULL,986,937,NULL,0,500,2012.88),(1362,3718,3718,NULL,8.82638,-2760.44,40.8454,0,0,0,NULL,NULL,987,996,NULL,0,500,2760.76),(1363,3718,3718,NULL,-1725.91,1049.59,45.2109,0.001,0.001,0,NULL,NULL,988,940,NULL,0,500,2020.51),(1364,3718,3718,NULL,-1698.19,1035.38,45.2109,0,0,0,NULL,NULL,989,938,NULL,0,500,1989.45),(1365,3718,3718,NULL,-2019.59,332.981,35.1719,0,0,0,NULL,NULL,990,1063,NULL,0,500,2047.16),(1366,3718,3718,NULL,NULL,NULL,NULL,0,0,0,28,NULL,NULL,NULL,NULL,0,500,NULL),(1367,3718,3718,NULL,-2224.1,330.841,35.3203,0.001,0.001,0,NULL,NULL,991,785,NULL,0,500,2248.85),(1368,3718,3718,NULL,-2049.8,83.5616,28.3977,0,0,0,NULL,NULL,992,1199,NULL,0,500,2051.7),(1369,3718,3718,NULL,NULL,NULL,NULL,0,0,0,37,NULL,NULL,NULL,NULL,0,500,NULL),(1370,3718,3718,NULL,-1860.98,1114.81,45.4453,0.001,0.001,0,NULL,NULL,993,880,NULL,0,500,2169.82),(1371,3718,3718,NULL,-2134.79,363.956,35.1719,0,0,0,NULL,NULL,994,1059,NULL,0,500,2165.88),(1372,3718,3718,NULL,-2975.99,502.736,2.42969,0,0,0,NULL,NULL,995,1040,NULL,0,500,3018.16),(1373,3718,3718,NULL,-2321.02,-45.1137,35.3203,-0.469846,0.328216,0,NULL,NULL,996,1243,NULL,0,500,2321.73),(1374,3718,3718,NULL,-2278.59,690.954,49.4453,0,0,0,NULL,NULL,997,796,NULL,0,500,2381.56),(1375,3718,3718,NULL,-2509.28,10.0785,25.7609,0.001,0.001,0,NULL,NULL,998,767,NULL,0,500,2509.43),(1376,3718,3718,NULL,-2494.6,-39.5899,25.7656,0,0,0,NULL,NULL,999,765,NULL,0,500,2495.05),(1377,3718,3718,NULL,-2273.18,41.6023,35.3125,0,0,0,NULL,NULL,1000,776,NULL,0,500,2273.83),(1378,3718,3718,NULL,-2582.32,796.083,49.6899,0.001,0.001,0,NULL,NULL,1001,808,NULL,0,500,2702.7),(1379,3718,3718,NULL,-2207.9,1107.06,80.0078,0.001,0.001,0,NULL,NULL,1002,841,NULL,0,500,2471.2),(1380,3718,3718,NULL,-1939.51,457.722,35.1719,0.001,0.001,0,NULL,NULL,1003,1068,NULL,0,500,1993.1),(1381,3718,3718,NULL,-2357.35,578.131,24.8906,-0.328279,-0.469936,0,NULL,NULL,1004,1046,NULL,0,500,2427.33),(1382,3718,3718,NULL,-781.946,-1685.54,97.2981,-1.40934,0.984511,0,NULL,NULL,1005,1220,NULL,0,500,1860.63),(1383,3718,3718,NULL,-2717.39,51.3998,4.33594,0.001,0.001,0,NULL,NULL,1006,1188,NULL,0,500,2717.88),(1384,3718,3718,NULL,-1809.41,943.27,24.8712,0.001,0.001,0,NULL,NULL,1007,931,NULL,0,500,2040.67),(1385,3718,3718,NULL,-1694.02,830.209,24.885,0,0,0,NULL,NULL,1008,1084,NULL,0,500,1886.68),(1386,3718,3718,NULL,-2597.66,-229.631,17.5802,18.7773,31.8808,0,NULL,NULL,1107,NULL,40,0,500,2607.85),(1387,3718,3718,NULL,-2649.77,370.65,6.15625,0.001,0.001,0,NULL,NULL,1009,1177,NULL,0,500,2675.57),(1388,3718,3718,NULL,NULL,NULL,NULL,0,0,0,65,NULL,NULL,NULL,NULL,0,500,NULL),(1389,3718,3718,NULL,-2147.64,-185.419,35.3203,0,0,0,NULL,NULL,1010,949,NULL,0,500,2155.92),(1390,3718,3718,NULL,-1805.07,946.102,24.8906,0.001,0.001,0,NULL,NULL,1011,933,NULL,0,500,2038.14),(1391,3718,3718,NULL,-2127.85,1050.89,80.0078,0.001,0.001,0,NULL,NULL,1012,836,NULL,0,500,2374.56),(1392,3718,3718,NULL,-2906.78,1148.13,13.6641,0,0,0,NULL,NULL,1013,826,NULL,0,500,3125.34),(1393,3718,3718,NULL,-2619.82,-191.083,4.33594,0.001,0.001,0,NULL,NULL,1014,966,NULL,0,500,2626.78),(1394,3718,3718,NULL,-1818.14,1312.54,19.2539,0.001,0.001,0,NULL,NULL,1015,943,NULL,0,500,2242.49),(1395,3718,3718,NULL,-2598.22,434.741,14.6094,0.001,0.001,0,NULL,NULL,1016,1180,NULL,0,500,2634.38),(1396,3718,3718,NULL,NULL,NULL,NULL,0,0,0,41,NULL,NULL,NULL,NULL,0,500,NULL),(1397,3718,3718,NULL,-2598.41,403.54,12.2235,0.001,0.001,0,NULL,NULL,1017,1181,NULL,0,500,2629.59),(1398,3718,3718,NULL,-1805.51,948.662,24.8906,0.001,0.001,0,NULL,NULL,1018,934,NULL,0,500,2039.72),(1399,3718,3718,NULL,-1385.12,-630.883,14.14,0,0,0,NULL,NULL,1108,NULL,43,0,500,1522.09),(1400,3718,3718,NULL,-2551.53,553.824,14.6144,0.001,0.001,0,NULL,NULL,1019,1044,NULL,0,500,2610.98),(1401,3718,3718,NULL,-1807.82,944.99,24.8906,0.001,0.001,0,NULL,NULL,1020,932,NULL,0,500,2040.06),(1402,3718,3718,NULL,-787.614,-1686.24,97.1297,-1.40934,0.984511,0,NULL,NULL,1021,1221,NULL,0,500,1863.65),(1403,3718,3718,NULL,-2209.65,1080.87,80.0078,0.001,0.001,0,NULL,NULL,1022,842,NULL,0,500,2461.14),(1404,3718,3718,NULL,-2347.15,-61.607,35.3203,0,0,0,NULL,NULL,1023,774,NULL,0,500,2348.22),(1405,3718,3718,NULL,-2228.1,1106.75,80.0078,0,0,0,NULL,NULL,1024,846,NULL,0,500,2489.12),(1406,4117,4117,NULL,-1690.92,-630.881,14.1484,0,0,0,NULL,NULL,602,990,NULL,0,800,1804.83),(1407,4117,4117,NULL,-2048.77,451.229,35.1719,0.001,0.001,0,NULL,NULL,603,1144,NULL,0,800,2098.17),(1408,4117,4117,NULL,-2508.04,-2684.22,42.5973,-10.3191,-1.83131,0,NULL,NULL,1096,NULL,64,0,800,3673.84),(1409,4117,4117,NULL,-2485.6,1140.71,55.7266,0,0,0,NULL,NULL,604,874,NULL,0,800,2735.42),(1410,4117,4117,NULL,-2503.36,896.208,65.1495,3.59666,5.14868,0,NULL,NULL,605,865,NULL,0,800,2659.75),(1411,4117,4117,NULL,-2181.99,-272.684,35.3203,0,0,0,NULL,NULL,606,950,NULL,0,800,2199.25),(1412,4117,4117,NULL,-2668.78,720.868,27.9475,-0.328279,-0.469936,0,NULL,NULL,607,815,NULL,0,800,2764.56),(1413,4117,4117,NULL,-2140.64,-2759.72,39.9071,-6.53684,4.56638,0,NULL,NULL,608,997,NULL,0,800,3492.85),(1414,4117,4117,NULL,-2969.15,483.97,4.91102,-0.328271,-0.469925,0,NULL,NULL,609,1038,NULL,0,800,3008.34),(1415,4117,4117,NULL,-2508.76,25.712,25.6348,0.328279,0.469936,0,NULL,NULL,610,768,NULL,0,800,2509.02),(1416,4118,4118,NULL,-2862.49,947.654,44.0547,0,0,0,NULL,NULL,769,822,NULL,0,200,3015.6),(1417,4118,4118,NULL,-2617.71,-178.804,4.33594,0,0,0,NULL,NULL,770,967,NULL,0,200,2623.81),(1418,4118,4118,NULL,-150.81,-2377,31.6993,-3.55542,-3.89205,0,NULL,NULL,771,1015,NULL,0,200,2381.99),(1419,4118,4118,NULL,-2180.92,200.731,35.3203,0,0,0,NULL,NULL,772,781,NULL,0,200,2190.42),(1420,4118,4118,NULL,-435.391,-2827.51,46.9653,1.73704,0.517378,0,NULL,NULL,773,1030,NULL,0,200,2861.22),(1421,4118,4118,NULL,-990.026,-2881.48,66.9011,10.9409,6.9687,0,NULL,NULL,1104,NULL,49,0,200,3047.55),(1422,4118,4118,NULL,-1985.37,-416.246,25.7178,0.001,0.001,0,NULL,NULL,774,1201,NULL,0,200,2028.7),(1423,4118,4118,NULL,-2598.17,-228.743,16.8891,-23.5182,28.5633,0,NULL,NULL,1105,NULL,40,0,200,2608.27),(1424,4118,4118,NULL,-2192.51,-255.944,35.3203,0,0,0,NULL,NULL,775,951,NULL,0,200,2207.68),(1425,4118,4118,NULL,-2485.51,-2669.73,44.1045,0.001,0.001,0,NULL,NULL,776,1013,NULL,0,200,3647.9),(1426,4118,4118,NULL,-1865.61,1077.02,46.0839,0.001,0.001,0,NULL,NULL,777,879,NULL,0,200,2154.67),(1427,4118,4118,NULL,-2243.25,706.817,49.4453,0.001,0.001,0,NULL,NULL,778,795,NULL,0,200,2352.49),(1428,4118,4118,NULL,-2301.79,577.565,34.5184,-8.81381,-6.17789,0,NULL,NULL,779,1048,NULL,0,200,2373.4),(1429,4118,4118,NULL,-1519.87,563.31,7.17969,0,0,0,NULL,NULL,780,1128,NULL,0,200,1620.92),(1430,4118,4118,NULL,-2235.31,875.351,66.6431,0.001,0.001,0,NULL,NULL,781,827,NULL,0,200,2401.52),(1431,4118,4118,NULL,NULL,NULL,NULL,0,0,0,50,NULL,NULL,NULL,NULL,0,200,NULL),(1432,4118,4118,NULL,-2883.98,995.917,40.7188,0.001,0.001,0,NULL,NULL,782,823,NULL,0,200,3051.37),(1433,4118,4118,NULL,-412.963,-2834.51,46.2976,2.20568,0.846127,0,NULL,NULL,783,1028,NULL,0,200,2864.81),(1434,4118,4118,NULL,-2442.5,753.672,35.1719,0.001,0.001,0,NULL,NULL,784,801,NULL,0,200,2556.38),(1435,4118,4118,NULL,-254.465,-2015.88,31.7468,-6.97809,0.001145,0,NULL,NULL,785,1001,NULL,0,200,2032.13),(1436,4118,4118,NULL,-242.93,-1757.94,5.45267,-3.89201,3.55542,0,NULL,NULL,786,1003,NULL,0,200,1774.65),(1437,4118,4118,NULL,-2192.82,-217.993,35.3203,0,0,0,NULL,NULL,787,952,NULL,0,200,2203.91),(1438,4118,4118,NULL,-2586.62,553.868,14.6094,0.001,0.001,0,NULL,NULL,788,1043,NULL,0,200,2645.3),(1439,4118,4118,NULL,NULL,NULL,NULL,0,0,0,52,NULL,NULL,NULL,40,0,200,NULL),(1440,4118,4118,NULL,-2227.88,1081.02,80.0078,0,0,0,NULL,NULL,789,845,NULL,0,200,2477.59),(1441,4118,4118,NULL,-2643.72,637.861,14.4531,0.001,0.001,0,NULL,NULL,790,1042,NULL,0,200,2719.62),(1442,4118,4118,NULL,NULL,NULL,NULL,0,0,0,65,NULL,NULL,NULL,NULL,0,200,NULL),(1443,4118,4118,NULL,-1754.94,813.194,24.8906,0.001,0.001,0,NULL,NULL,791,929,NULL,0,200,1934.35),(1444,4118,4118,NULL,-2989.27,483.278,4.91406,0,0,0,NULL,NULL,792,994,NULL,0,200,3028.09),(1445,4118,4118,NULL,-423.766,-2830.49,46.6316,1.73674,0.517431,0,NULL,NULL,793,1029,NULL,0,200,2862.42),(1446,4118,4118,NULL,-2479.18,-2687.92,44.5894,-1.40777,-0.986755,0,NULL,NULL,794,1012,NULL,0,200,3656.94),(1447,4118,4118,NULL,-1745.29,770.13,24.8906,0.001,0.001,0,NULL,NULL,795,926,NULL,0,200,1907.81),(1448,4118,4118,NULL,-2105.34,555.627,35.1719,0.001,0.001,0,NULL,NULL,796,1314,NULL,0,200,2177.71),(1449,4118,4118,NULL,-2572.69,818.782,49.991,0.32909,-0.469502,0,NULL,NULL,797,807,NULL,0,200,2700.3),(1450,4118,4118,NULL,-1261.78,-2901.82,58.7743,-5.93271,-8.35351,0,NULL,NULL,798,1020,NULL,0,200,3164.82),(1451,4118,4118,NULL,-1703.31,1068.67,45.2109,0,0,0,NULL,NULL,799,941,NULL,0,200,2011.31),(1452,4118,4118,NULL,-1495.71,1286.56,7.17524,0,0,0,NULL,NULL,800,1105,NULL,0,200,1972.93),(1453,4118,4118,NULL,-1897.67,489.558,35.1719,0.001,0.001,0,NULL,NULL,801,1070,NULL,0,200,1960.12),(1454,4118,4118,NULL,-2243.84,674.203,49.4453,0.001,0.001,0,NULL,NULL,802,794,NULL,0,200,2343.46),(1455,4118,4118,NULL,-1812.74,-227.964,18.375,0,0,0,NULL,NULL,803,1204,NULL,0,200,1827.11),(1456,1,1,NULL,-2173.86,819.838,62.5397,0.001,0.001,0,NULL,NULL,395,389,NULL,0,0,2324.16),(1457,1,1,NULL,-1828.49,-219.418,18.369,0,0,0,NULL,NULL,396,1203,NULL,0,0,1841.7),(1458,1,1,NULL,-1619.83,692.436,7.1875,0.001,0.001,0,NULL,NULL,397,918,NULL,0,0,1761.64),(1459,1,1,NULL,NULL,NULL,NULL,0,0,0,41,NULL,NULL,NULL,NULL,0,0,NULL),(1460,1,1,NULL,-1784.43,1211.02,32.6562,0,0,0,NULL,NULL,398,881,NULL,0,0,2156.81),(1461,1,1,NULL,-1706.38,-2.23265,3.54892,0.001,0.001,0,NULL,NULL,399,1210,NULL,0,0,1706.39),(1462,68,68,NULL,-1393.15,494.069,19.5078,0,0,0,NULL,NULL,480,910,NULL,0,0,1478.29),(1463,68,68,NULL,-2171.29,-238.039,36.5156,0,0,0,NULL,NULL,481,954,NULL,0,0,2184.6),(1464,68,68,NULL,-1754.84,1304.68,55.7344,0,0,0,NULL,NULL,482,882,NULL,0,0,2187.41),(1465,68,68,NULL,-1526.79,360.334,7.1875,0,0,0,NULL,NULL,483,1129,NULL,0,0,1568.75),(1466,68,68,NULL,-2173.34,659.159,49.4375,0,0,0,NULL,NULL,484,1136,NULL,0,0,2271.64),(1467,68,68,NULL,-1503.94,1368.7,2.973,0,0,0,NULL,NULL,485,1103,NULL,0,0,2033.52),(1468,68,68,NULL,-1378.44,511.628,3.03906,0,0,0,NULL,NULL,486,913,NULL,0,0,1470.33),(1469,4,4,NULL,-2276.83,-2600.8,34.3793,0,0,0,NULL,NULL,1092,NULL,79,0,0,3456.78),(1470,4,4,NULL,-1181.99,62.2175,1.96094,0,0,0,NULL,NULL,496,975,NULL,0,0,1183.63),(1471,4,4,NULL,NULL,NULL,NULL,0,0,0,41,NULL,NULL,NULL,39,0,0,NULL),(1472,4,4,NULL,-1513.19,1375.44,3.14245,0,0,0,NULL,NULL,497,1101,NULL,0,0,2044.89),(1473,3,3,NULL,-1493.79,122.22,17.3281,0,0,0,NULL,NULL,47,908,NULL,0,30,1498.88),(1474,3,3,NULL,-1676.15,705.252,30.6016,0,0,0,NULL,NULL,48,1078,NULL,0,30,1818.73),(1475,3,3,NULL,-1484.67,123.127,17.3281,0,0,0,NULL,NULL,49,907,NULL,0,30,1489.87),(1476,3,3,NULL,-1502.94,129.679,17.3281,0,0,0,NULL,NULL,50,909,NULL,0,30,1508.62),(1477,3,3,NULL,-1252.79,48.2729,14.1361,0,0,0,NULL,NULL,51,973,NULL,0,30,1253.8),(1478,3,3,NULL,-1728.36,686.203,25.0345,0.001,0.001,0,NULL,NULL,52,1077,NULL,0,30,1859.77),(1479,3,3,NULL,-1732.33,1113.6,45.4453,0.001,0.001,0,NULL,NULL,53,942,NULL,0,30,2059.89),(1480,3,3,NULL,-2779.19,21.1104,7.17969,0.496495,-0.286476,0,NULL,NULL,54,1162,NULL,0,30,2779.28),(1481,3,3,NULL,-1670.34,715.709,30.6016,0,0,0,NULL,NULL,55,1079,NULL,0,30,1817.47),(1482,3,3,NULL,-1508.49,1296.35,1.39705,0,0,0,NULL,NULL,56,1104,NULL,0,30,1988.99),(1483,3,3,NULL,-1260.07,-628.217,14.1484,0,0,0,NULL,NULL,57,984,NULL,0,30,1408.06),(1484,3,3,NULL,-1848.3,1045.55,46.0865,0.001,0.001,0,NULL,NULL,58,1090,NULL,0,30,2124.03),(1485,3,3,NULL,-1451.81,1153.74,7.1875,0,0,0,NULL,NULL,59,1112,NULL,0,30,1854.43),(1486,3,3,NULL,-1490.23,138.127,17.3281,0,0,0,NULL,NULL,60,906,NULL,0,30,1496.72),(1487,3,3,NULL,-2188.41,-268.508,40.7195,0.001,0.001,0,NULL,NULL,61,957,NULL,0,30,2205.2),(1488,3,3,NULL,-1916.35,701.126,46.5625,0.001,0.001,0,NULL,NULL,62,887,NULL,0,30,2041.11),(1489,3,3,NULL,-1776.02,762.685,24.8906,0,0,0,NULL,NULL,63,925,NULL,0,30,1933.02),(1490,3,3,NULL,-2175.35,-42.2406,35.3125,0,0,0,NULL,NULL,64,947,NULL,0,30,2176.05),(1491,3,3,NULL,-2550.07,-231.272,21.3947,-0.286489,-0.496519,0,NULL,NULL,65,964,NULL,0,30,2560.63),(1492,3,3,NULL,NULL,NULL,NULL,0,0,0,NULL,987,NULL,NULL,NULL,0,30,NULL),(1493,3,3,NULL,-1484.32,1207.96,7.1875,0,0,0,NULL,NULL,66,1110,NULL,0,30,1913.75),(1494,3,3,NULL,-1660.01,823.354,19.1625,18.0461,14.1979,0,NULL,NULL,67,1083,NULL,0,30,1853.08),(1495,3,3,NULL,-2735.39,0.600112,4.33536,0.496507,-0.286483,0,NULL,NULL,68,1164,NULL,0,30,2735.39),(1496,3,3,NULL,-1805.41,532.429,35.1668,0.001,0.001,0,NULL,NULL,69,891,NULL,0,30,1882.61),(1497,3,3,NULL,-2563.6,-230.811,21.2191,-1.06934,-0.706503,0,NULL,NULL,70,963,NULL,0,30,2574.06),(1498,3,3,NULL,-2140.72,-254.11,40.7195,0.001,0.001,0,NULL,NULL,71,960,NULL,0,30,2156.13),(1499,3,3,NULL,-1483.46,1188.37,7.18455,0,0,0,NULL,NULL,72,1111,NULL,0,30,1900.77),(1500,3,3,NULL,-1743.59,810.139,24.8906,0.001,0.001,0,NULL,NULL,73,928,NULL,0,30,1922.77),(1501,3,3,NULL,-1404.56,-632.488,14.1484,0,0,0,NULL,NULL,74,983,NULL,0,30,1540.46),(1502,3,3,NULL,-1908.93,220.31,37.4497,0,0,0,NULL,NULL,75,1058,NULL,0,30,1921.97),(1503,3,3,NULL,-2176.37,0.644175,35.3203,0.001,0.001,0,NULL,NULL,76,946,NULL,0,30,2176.66),(1504,3,3,NULL,-1885.59,717.334,45.4506,0.001,0.001,0,NULL,NULL,77,888,NULL,0,30,2017.94),(1505,3,3,NULL,-1494.34,142.406,17.3281,0,0,0,NULL,NULL,78,905,NULL,0,30,1501.21),(1506,3,3,NULL,-1919.53,647.782,46.5625,0.001,0.001,0,NULL,NULL,79,885,NULL,0,30,2026.42),(1507,3,3,NULL,-2018.9,373.37,35.1719,0,0,0,NULL,NULL,80,1064,NULL,0,30,2053.44),(1508,3,3,NULL,-1474.26,343.059,7.1875,0.001,0.001,0,NULL,NULL,81,363,NULL,0,30,1513.67),(1509,3,3,NULL,-1224.49,468.08,7.1875,0,0,0,NULL,NULL,82,1130,NULL,0,30,1310.93),(1510,84,84,NULL,-1394.55,-480.825,14.1719,0.001,0.001,0,NULL,NULL,712,987,NULL,0,30,1475.18),(1511,84,84,NULL,-1277.68,-632.275,14.1484,0,0,0,NULL,NULL,713,985,NULL,0,30,1425.64),(1512,84,84,NULL,-1723.2,-600.826,14.1484,0,0,0,NULL,NULL,714,989,NULL,0,30,1825),(1513,84,84,NULL,-2053.7,333.113,35.1719,0,0,0,NULL,NULL,715,1062,NULL,0,30,2080.84),(1514,84,84,NULL,-2108.5,332.582,35.1719,0,0,0,NULL,NULL,716,1061,NULL,0,30,2134.86),(1515,84,84,NULL,-1385.84,-631.111,14.1484,0,0,0,NULL,NULL,717,982,NULL,0,30,1522.84),(1516,84,84,NULL,-1372.74,-374.596,14.1484,0,0,0,NULL,NULL,718,988,NULL,0,30,1423),(1517,84,84,NULL,-1481.25,685.979,1.32031,0,0,0,NULL,NULL,719,1125,NULL,0,30,1632.38),(1518,84,84,NULL,-1456.46,1019.03,1.78906,0,0,0,NULL,NULL,720,1118,NULL,0,30,1777.55),(1519,84,84,NULL,-2169.97,-268.678,40.7195,0.001,0.001,0,NULL,NULL,721,958,NULL,0,30,2186.92),(1520,447,447,NULL,-1573,1267.49,1.45312,0,0,0,NULL,NULL,884,1107,NULL,0,7,2020.11),(1521,447,447,NULL,-1176.68,57.3642,1.96094,0,0,0,NULL,NULL,885,978,NULL,0,7,1178.08),(1522,447,447,NULL,-1616.38,686.438,7.1875,0.001,0.001,0,NULL,NULL,886,919,NULL,0,7,1756.11),(1523,447,447,NULL,-1414.24,506.458,5.04252,0.001,0.001,0,NULL,NULL,887,914,NULL,0,7,1502.2),(1524,447,447,NULL,-1178.66,57.5592,1.96094,0,0,0,NULL,NULL,888,977,NULL,0,7,1180.07),(1525,447,447,NULL,-1503.92,1374.64,3.85688,-10.4951,-4.53371,0,NULL,NULL,889,1102,NULL,0,7,2037.5),(1526,447,447,NULL,-1255.15,64.833,14.1484,0,0,0,NULL,NULL,890,974,NULL,0,7,1256.9),(1527,447,447,NULL,-1852.64,966.757,35.0584,0.001,0.001,0,NULL,NULL,891,1087,NULL,0,7,2090.01),(1528,447,447,NULL,-1380.06,503.336,3.03906,0.001,0.001,0,NULL,NULL,892,912,NULL,0,7,1468.99),(1529,447,447,NULL,-1824.2,1073.06,46.0781,0.001,0.001,0,NULL,NULL,893,1092,NULL,0,7,2116.91),(1530,6,6,NULL,-1462.23,1086.22,1.58944,0,0,0,NULL,NULL,904,1115,NULL,0,10,1821.54),(1531,6,6,NULL,-1468.53,513.779,13.1086,-0.538499,-0.196375,0,NULL,NULL,905,911,NULL,0,10,1555.87),(1532,6,6,NULL,-2187.98,-242.216,40.7195,0.001,0.001,0,NULL,NULL,906,956,NULL,0,10,2201.72),(1533,6,6,NULL,-1080.35,-207.101,1.96094,0,0,0,NULL,NULL,907,979,NULL,0,10,1100.02),(1534,9285,9285,NULL,-2082.46,308.334,35.3544,0.001,0.001,0,NULL,NULL,284,289,NULL,0,0,2105.46),(1535,9285,9285,NULL,-2720.56,19.3487,4.33594,0,0,0,NULL,NULL,285,1165,NULL,0,0,2720.63),(1536,9285,9285,NULL,-2158.75,978.498,80.0068,0.001,0.001,0,NULL,NULL,286,833,NULL,0,0,2371.51),(1537,9285,9285,NULL,-1783.52,572.584,35.1641,0.001,0.001,0,NULL,NULL,287,890,NULL,0,0,1873.51),(1538,9285,9285,NULL,-2326.17,577.185,30.1158,0.001,0.001,0,NULL,NULL,288,1047,NULL,0,0,2396.9),(1539,9285,9285,NULL,-1943.18,254.366,41.0471,0.001,0.001,0,NULL,NULL,289,896,NULL,0,0,1960.19),(1540,9285,9285,NULL,-2158.15,-6.19917,35.3203,0,0,0,NULL,NULL,290,945,NULL,0,0,2158.45),(1541,9285,9285,NULL,-1964.19,296.868,35.4688,0.001,0.001,0,NULL,NULL,291,902,NULL,0,0,1986.81),(1542,9285,9285,NULL,-1943,255.376,35.4688,0.001,0.001,0,NULL,NULL,292,292,NULL,0,0,1960.03),(1543,9285,9285,NULL,NULL,NULL,NULL,0,0,0,64,NULL,NULL,NULL,NULL,0,0,NULL),(1544,9285,9285,NULL,-2598.5,778.615,43.8075,12.7395,-15.1688,0,NULL,NULL,293,811,NULL,0,0,2713),(1545,9285,9285,NULL,-2275.01,527.268,35.0694,0.001,0.001,0,NULL,NULL,294,1050,NULL,0,0,2335.58),(1546,9285,9285,NULL,-1781.6,762.245,24.8906,0,0,0,NULL,NULL,295,924,NULL,0,0,1937.97),(1547,9285,9285,NULL,-1963.16,307.095,35.4739,0.001,0.001,0,NULL,NULL,296,901,NULL,0,0,1987.35),(1548,9285,9285,NULL,-2617.76,-159.231,4.33594,0,0,0,NULL,NULL,297,969,NULL,0,0,2622.6),(1549,9285,9285,NULL,-1738.45,789.085,24.8921,0.001,0.001,0,NULL,NULL,298,927,NULL,0,0,1909.31),(1550,9285,9285,NULL,-1727.99,704.026,25.0063,0.001,0.001,0,NULL,NULL,299,1076,NULL,0,0,1866.07),(1551,9285,9285,NULL,-2141.12,-233.16,36.5156,0.001,0.001,0,NULL,NULL,300,961,NULL,0,0,2154.09),(1552,9285,9285,NULL,-2244.77,122.493,35.3203,0,0,0,NULL,NULL,301,778,NULL,0,0,2248.39),(1553,9285,9285,NULL,-2233.36,1106.73,80.0008,0.001,0.001,0,NULL,NULL,302,847,NULL,0,0,2493.82),(1554,9285,9285,NULL,-1697.25,951.359,24.8906,0.001,0.001,0,NULL,NULL,303,935,NULL,0,0,1945.86),(1555,9285,9285,NULL,-2160.49,-51.5861,35.3203,0,0,0,NULL,NULL,304,948,NULL,0,0,2161.39),(1556,9285,9285,NULL,-2235.58,893.8,66.6538,0.001,0.001,0,NULL,NULL,305,828,NULL,0,0,2408.56),(1557,9285,9285,NULL,-1693.84,948.522,24.8906,0.001,0.001,0,NULL,NULL,306,936,NULL,0,0,1941.5),(1558,9285,9285,NULL,-1951.65,305.288,41.0471,0.001,0.001,0,NULL,NULL,307,899,NULL,0,0,1975.81),(1559,9285,9285,NULL,-1963.7,283.446,35.4739,0.001,0.001,0,NULL,NULL,308,894,NULL,0,0,1984.37),(1560,9285,9285,NULL,-1942.97,275.905,41.0471,0.001,0.001,0,NULL,NULL,309,897,NULL,0,0,1962.89),(1561,9285,9285,NULL,-2362.01,577.424,24.8906,0.001,0.001,0,NULL,NULL,310,1045,NULL,0,0,2431.69),(1562,9285,9285,NULL,NULL,NULL,NULL,0,0,0,39,NULL,NULL,NULL,39,0,0,NULL),(1563,9285,9285,NULL,-1968.7,111.742,27.6875,0.001,0.001,0,NULL,NULL,311,1056,NULL,0,0,1972.06),(1564,7,7,NULL,-2204.28,1080.94,80.0131,0,0,0,NULL,NULL,354,843,NULL,0,100,2456.36),(1565,7,7,NULL,-2555.62,918.824,64.9844,0,0,0,NULL,NULL,355,1174,NULL,0,100,2716.55),(1566,7,7,NULL,-1918.51,670.822,46.5625,0,0,0,NULL,NULL,356,886,NULL,0,100,2032.94),(1567,7,7,NULL,-1958.17,300.652,41.0471,0,0,0,NULL,NULL,357,898,NULL,0,100,1981.54),(1568,7,7,NULL,NULL,NULL,NULL,0,0,0,NULL,720,NULL,NULL,NULL,0,100,NULL),(1569,7,7,NULL,-2576.78,898.655,64.9844,0,0,0,NULL,NULL,358,1173,NULL,0,100,2729.76),(1570,7,7,NULL,-2211.13,904.871,68.9083,0,0,0,NULL,NULL,359,829,NULL,0,100,2390.11),(1571,7,7,NULL,-2621.31,-198.077,4.33594,0,0,0,NULL,NULL,360,965,NULL,0,100,2628.79),(1572,7,7,NULL,-2527.72,-121.262,20.4044,0,0,0,NULL,NULL,361,763,NULL,0,100,2530.71),(1573,7,7,NULL,-2703.04,721.957,37.5456,0,0,0,NULL,NULL,362,817,NULL,0,100,2798.05),(1574,7,7,NULL,-1511.39,1276.13,7.17877,0,0,0,NULL,NULL,363,1106,NULL,0,100,1978.09),(1575,7,7,NULL,-2232.85,200.072,35.3203,0,0,0,NULL,NULL,364,1255,NULL,0,100,2242.07),(1576,7,7,NULL,-2549.05,897.606,64.9844,0,0,0,NULL,NULL,365,1175,NULL,0,100,2703.25),(1577,7,7,NULL,-2863.42,862.061,43.9141,0,0,0,NULL,NULL,366,820,NULL,0,100,2990.69),(1578,7,7,NULL,-2587.55,818.971,49.9844,0,0,0,NULL,NULL,367,809,NULL,0,100,2714.52),(1579,1900,1900,NULL,-2778.22,65.1536,7.17969,0.17748,-0.545047,0,NULL,NULL,444,1161,NULL,0,0,2778.99),(1580,1900,1900,NULL,NULL,NULL,NULL,0,0,0,NULL,718,NULL,NULL,NULL,0,0,NULL),(1581,1900,1900,NULL,-1958.92,618.678,35.0358,0.001,0.001,0,NULL,NULL,445,1073,NULL,0,0,2054.59),(1582,1900,1900,NULL,-2867.77,839.127,39.5078,0.001,0.001,0,NULL,NULL,446,819,NULL,0,0,2988.28),(1583,1900,1900,NULL,-2595.65,728.266,28.5556,0.001,0.001,0,NULL,NULL,447,813,NULL,0,0,2696.03),(1584,1900,1900,NULL,-1725.35,1041.67,45.2109,0.001,0.001,0,NULL,NULL,448,939,NULL,0,0,2015.92),(1585,1900,1900,NULL,-2621.21,-169.538,4.34258,0.001,0.001,0,NULL,NULL,449,968,NULL,0,0,2626.69),(1586,1900,1900,NULL,-1524.39,1108.81,7.1875,0,0,0,NULL,NULL,450,1114,NULL,0,0,1885.01),(1587,1900,1900,NULL,-1963.88,640.445,46.5625,0.001,0.001,0,NULL,NULL,451,884,NULL,0,0,2066.2),(1588,1900,1900,NULL,-2230.28,101.643,35.3203,0,0,0,NULL,NULL,452,777,NULL,0,0,2232.87),(1589,1900,1900,NULL,-2185.14,-202.652,35.3265,0,0,0,NULL,NULL,453,953,NULL,0,0,2194.8),(1590,1900,1900,NULL,-1958.23,260.974,41.0471,0.001,0.001,0,NULL,NULL,454,895,NULL,0,0,1975.97),(1591,1900,1900,NULL,NULL,NULL,NULL,0,0,0,53,NULL,NULL,NULL,53,0,0,NULL),(1592,1899,1900,1900,NULL,NULL,NULL,0,0,0,23,NULL,NULL,NULL,23,0,20,NULL),(1593,9635,9635,NULL,-1733.74,-743.13,34.726,-5.54011,7.97941,0,NULL,NULL,683,991,NULL,0,0,1886.61),(1594,9635,9635,NULL,-1620.1,650.074,-5.24219,0.001,0.001,0,NULL,NULL,684,922,NULL,0,0,1745.67),(1595,440,440,NULL,-1883.22,864.935,35.1719,0.001,0.001,0,NULL,NULL,127,1086,NULL,0,500,2072.65),(1596,440,440,NULL,-1877.45,826.054,35.1722,0.001,0.001,0,NULL,NULL,128,1148,NULL,0,500,2051.44),(1597,440,440,NULL,-1876.12,1014.43,40.0245,11.8657,0,0,NULL,NULL,129,1089,NULL,0,500,2133.19),(1598,440,440,NULL,-1922.58,533.743,35.1719,0.001,0.001,0,NULL,NULL,130,1071,NULL,0,500,1995.6),(1599,440,440,NULL,-2429.5,-5.29285,35.3203,0,0,0,NULL,NULL,131,1152,NULL,0,500,2429.76),(1600,527,440,-440,-2617.93,75.7311,4.33,0,0,0,NULL,NULL,1086,NULL,39,0,0,2619.03),(1601,440,440,NULL,-2215.45,617.688,35.1641,0,0,0,NULL,NULL,132,1140,NULL,0,500,2300.22),(1602,440,440,NULL,-1946.77,457.786,35.1719,0.001,0.001,0,NULL,NULL,133,1067,NULL,0,500,2000.18),(1603,440,440,NULL,-1962.89,442.958,35.1719,0.001,0.001,0,NULL,NULL,134,1066,NULL,0,500,2012.56),(1604,440,440,NULL,NULL,NULL,NULL,0,0,0,39,NULL,NULL,NULL,NULL,0,500,NULL),(1605,440,440,NULL,-2778.32,122.849,7.17969,0.573215,-0.573215,0,NULL,NULL,135,1158,NULL,0,500,2781.04),(1606,440,440,NULL,-2327.7,798.873,44.1232,0.001,0.001,0,NULL,NULL,136,1167,NULL,0,500,2461.37),(1607,440,440,NULL,-2277.53,747.741,49.4393,0,0,0,NULL,NULL,137,1134,NULL,0,500,2397.65),(1608,440,440,NULL,-2781.44,130.523,7.18723,0,0,0,NULL,NULL,138,1157,NULL,0,500,2784.51),(1609,440,440,NULL,-1816.76,616.431,35.1719,0.001,0.001,0,NULL,NULL,139,299,NULL,0,500,1918.81),(1610,527,440,-440,-2246.09,646.243,49.44,0,0,0,NULL,NULL,1087,NULL,39,0,0,2337.73),(1611,440,440,NULL,-1605.78,711.538,13.8672,0.001,0.001,0,NULL,NULL,140,1081,NULL,0,500,1756.42),(1612,440,440,NULL,-1485.14,754.881,7.17852,0.001,0.001,0,NULL,NULL,141,1123,NULL,0,500,1665.99),(1613,440,440,NULL,-1451.51,1133.81,7.1875,0,0,0,NULL,NULL,142,1113,NULL,0,500,1841.86),(1614,527,440,-440,-2244.82,751.328,49.43,0,0,0,NULL,NULL,1088,NULL,39,0,0,2367.73),(1615,440,440,NULL,-2120.62,512.429,35.1719,0.001,0.001,0,NULL,NULL,143,1143,NULL,0,500,2181.94),(1616,440,440,NULL,-1821.43,860.483,28.3478,0.001,0.001,0,NULL,NULL,144,1085,NULL,0,500,2014.66),(1617,440,440,NULL,-2591.59,169.085,4.5322,0.001,0.001,0,NULL,NULL,145,1155,NULL,0,500,2597.1),(1618,440,440,NULL,-1736.87,1304.14,7.1875,0,0,0,NULL,NULL,146,1097,NULL,0,500,2171.99),(1619,440,440,NULL,-1911.23,829.782,35.1719,0.001,0.001,0,NULL,NULL,147,1146,NULL,0,500,2083.88),(1620,440,440,NULL,-2155.32,337.569,35.3203,0,0,0,NULL,NULL,148,469,NULL,0,500,2181.88),(1621,440,440,NULL,-1898.05,483.214,35.1719,0.001,0.001,0,NULL,NULL,149,1069,NULL,0,500,1958.91),(1622,440,440,NULL,-1883.98,864.467,35.1719,0,0,0,NULL,NULL,150,1147,NULL,0,500,2073.14),(1623,440,440,NULL,-1668.99,741.616,19.2609,0,10.2092,0,NULL,NULL,151,1080,NULL,0,500,1826.44),(1624,440,440,NULL,-1653.5,764.106,17.8263,1.71927,2.29182,0,NULL,NULL,152,1082,NULL,0,500,1821.6),(1625,527,440,-440,-2243.3,768.619,49.4191,0.859185,1.48906,0,NULL,NULL,1089,NULL,39,0,0,2371.84),(1626,440,440,NULL,-1652.33,1410.98,9.80469,0,0,0,NULL,NULL,153,444,NULL,0,500,2172.82),(1627,440,440,NULL,-2180.54,603.958,35.1691,0.001,0.001,0,NULL,NULL,154,1139,NULL,0,500,2262.91),(1628,440,440,NULL,-1449.96,1073.69,7.1875,0,0,0,NULL,NULL,155,1117,NULL,0,500,1804.23),(1629,440,440,NULL,-1962.62,432.435,35.1719,0.001,0.001,0,NULL,NULL,156,1065,NULL,0,500,2010),(1630,440,440,NULL,-1552.93,1334.76,4.12646,-6.84625,4.0062,0,NULL,NULL,157,1100,NULL,0,500,2047.73),(1631,528,440,527,NULL,NULL,NULL,0,0,0,23,NULL,NULL,NULL,NULL,0,250,NULL),(1632,440,440,NULL,-1922.77,540.72,35.1719,0.001,0.001,0,NULL,NULL,158,1072,NULL,0,500,1997.66),(1633,440,440,NULL,-2155.1,412.817,35.1959,0.001,0.001,0,NULL,NULL,159,1053,NULL,0,500,2194.56),(1634,440,440,NULL,-2182.51,555.205,35.1719,0,0,0,NULL,NULL,160,1142,NULL,0,500,2252.3),(1635,440,440,NULL,-2152.75,1250.84,25.6053,0.001,0.001,0,NULL,NULL,161,1149,NULL,0,500,2489.9),(1636,440,440,NULL,-1485.19,695.563,7.17854,0,0,0,NULL,NULL,162,1124,NULL,0,500,1640.01),(1637,440,440,NULL,-1734.35,1251.04,7.54688,0.001,0.001,0,NULL,NULL,163,1096,NULL,0,500,2138.49),(1638,440,440,NULL,-2375.31,626.628,33.3321,10.2092,0,0,NULL,NULL,164,1166,NULL,0,500,2456.8),(1639,440,440,NULL,-1754.96,1321.58,7.17969,0.001,0.001,0,NULL,NULL,165,1099,NULL,0,500,2196.93),(1640,440,440,NULL,-2277.3,792.7,49.4453,0.001,0.001,0,NULL,NULL,166,1131,NULL,0,500,2411.83),(1641,440,440,NULL,-1542.04,1223.49,7.1875,0,0,0,NULL,NULL,167,1109,NULL,0,500,1968.47),(1642,440,440,NULL,-2169.39,577.689,35.1719,0.001,0.001,0,NULL,NULL,168,1141,NULL,0,500,2245.26),(1643,440,440,NULL,-2267.62,-171.239,35.3203,0,0,0,NULL,NULL,169,1151,NULL,0,500,2274.35),(1644,440,440,NULL,-1784.18,666.516,35.1719,0,0,0,NULL,NULL,170,1074,NULL,0,500,1904.94),(1645,440,440,NULL,-2202.24,614.556,35.1641,0,0,0,NULL,NULL,171,1138,NULL,0,500,2286.65),(1646,440,440,NULL,-1635.8,1394.63,9.7971,0.573242,0,0,NULL,NULL,172,443,NULL,0,500,2149.64),(1647,440,440,NULL,-1721.98,1275.34,17.9219,0,0,0,NULL,NULL,173,1095,NULL,0,500,2142.9),(1648,440,440,NULL,-1421.44,963.616,7.1875,0,0,0,NULL,NULL,174,1119,NULL,0,500,1717.29),(1649,440,440,NULL,-2586.83,149.074,4.34019,0,0.573229,0,NULL,NULL,175,1156,NULL,0,500,2591.13),(1650,440,440,NULL,-2780.24,73.8567,7.17969,0,0,0,NULL,NULL,176,1160,NULL,0,500,2781.23),(1651,440,440,NULL,-2327.42,817.246,44.1681,0.001,0.001,0,NULL,NULL,177,1168,NULL,0,500,2467.13),(1652,440,440,NULL,-2779.78,92.3473,7.17969,0.573215,0,0,NULL,NULL,178,1159,NULL,0,500,2781.32),(1653,440,440,NULL,-1432.53,831.772,7.1875,0,0,0,NULL,NULL,179,1121,NULL,0,500,1656.51),(1654,440,440,NULL,-2044.11,1262.95,9.03172,0.001,0.001,0,NULL,NULL,180,1150,NULL,0,500,2402.81),(1655,4,4,NULL,-2093.45,-2463.91,30.625,0,0,0,NULL,NULL,498,575,NULL,0,0,3233.31),(1656,4,4,NULL,-1824.68,-1335.56,13.9453,0,0,0,NULL,NULL,499,1217,NULL,0,0,2261.28),(1657,4,4,NULL,-2352.47,-1629.28,483.683,0,0,0,NULL,NULL,500,1235,NULL,0,0,2902.17),(1658,4,4,NULL,-1622.03,583.353,29.9019,0,0,0,NULL,NULL,501,1191,NULL,0,0,1724),(1659,4,4,NULL,NULL,NULL,NULL,0,0,0,NULL,718,NULL,NULL,62,0,0,NULL),(1660,4,4,NULL,-441.044,-2641.25,154.938,0,0,0,NULL,NULL,502,1230,NULL,0,0,2682.3),(1661,4,4,NULL,-2352.43,-1639.64,483.703,0,0,0,NULL,NULL,503,1233,NULL,0,0,2907.97),(1662,4,4,NULL,-1248.9,509.978,16.5781,0,0,0,NULL,NULL,504,1381,NULL,0,0,1349.11),(1663,8973,8973,NULL,-2050.55,66.6838,28.3906,0,0,0,NULL,NULL,254,1198,NULL,0,1000,2051.83),(1664,8973,8973,NULL,-2369.84,734.826,35.1719,0.001,0.001,0,NULL,NULL,255,800,NULL,0,1000,2481.4),(1665,8973,8973,NULL,-2232.93,-2557,31.9219,0.001,0.001,0,NULL,NULL,256,593,NULL,0,1000,3394.89),(1666,8973,8973,NULL,-1944.53,275.898,35.4739,0.001,0.001,0,NULL,NULL,257,291,NULL,0,1000,1964.33),(1667,8973,8973,NULL,-2237.83,-1713.65,480.869,-0.565001,-0.100037,0,NULL,NULL,258,1240,NULL,0,1000,2859.32),(1668,8973,8973,NULL,-1824.5,349.044,1.8955,0.001,0.001,0,NULL,NULL,259,1196,NULL,0,1000,1857.59),(1669,8973,8973,NULL,-2351.07,-45.5333,35.3125,0,0,0,NULL,NULL,260,1242,NULL,0,1000,2351.78),(1670,8973,8973,NULL,-1837.93,340.471,4.22857,0.001,0.001,0,NULL,NULL,261,1195,NULL,0,1000,1869.2),(1671,8973,8973,NULL,-2087.23,-2342.96,30.62,0,0,0,NULL,NULL,1080,NULL,62,0,1000,3137.98),(1672,8973,8973,NULL,-2114.4,-2459.08,30.625,0,0,0,NULL,NULL,262,573,NULL,0,1000,3243.25),(1673,8973,8973,NULL,-1953.65,305.777,41.0471,0.001,0.001,0,NULL,NULL,263,293,NULL,0,1000,1977.86),(1674,8973,8973,NULL,-1855.07,-170.005,9.23741,-2.82001,-0.499302,0,NULL,NULL,264,1208,NULL,0,1000,1862.87),(1675,8973,8973,NULL,-1990.82,-2388.1,30.625,0,0,0,NULL,NULL,265,567,NULL,0,1000,3109.23),(1676,8973,8973,NULL,NULL,NULL,NULL,0,0,0,63,NULL,NULL,NULL,NULL,0,1000,NULL),(1677,8973,8973,NULL,-2127.72,-2501.39,30.6172,0.564463,0.099942,0,NULL,NULL,266,585,NULL,0,1000,3284.06),(1678,8973,8973,NULL,-2274.27,-2601.2,34.3149,1.55826,4.3444,0,NULL,NULL,1081,NULL,79,0,1000,3455.39),(1679,8973,8973,NULL,-2591,-158.655,4.31162,0.001,0.001,0,NULL,NULL,267,970,NULL,0,1000,2595.86),(1680,8973,8973,NULL,-2592.31,-190.618,4.26497,0.001,0.001,0,NULL,NULL,268,971,NULL,0,1000,2599.31),(1681,8973,8973,NULL,-572.583,-1498.58,9.56623,2.35661,-0.164904,0,NULL,NULL,269,1223,NULL,0,1000,1604.27),(1682,8973,8973,NULL,-1617.11,729.993,-5.24219,0.001,0.001,0,NULL,NULL,270,920,NULL,0,1000,1774.25),(1683,8973,8973,NULL,-2276.02,541.766,35.1341,0.001,0.001,0,NULL,NULL,271,1049,NULL,0,1000,2339.87),(1684,8973,8973,NULL,-2173.03,-2534.7,30.6172,0.001,0.001,0,NULL,NULL,272,589,NULL,0,1000,3338.82),(1685,8973,8973,NULL,-2036.36,170.414,28.8359,0,0,0,NULL,NULL,273,275,NULL,0,1000,2043.68),(1686,8973,8973,NULL,-2198.42,976.488,80,0,0,0,NULL,NULL,274,440,NULL,0,1000,2406.86),(1687,8973,8973,NULL,-2449.85,986.935,45.2969,0,0,0,NULL,NULL,275,479,NULL,0,1000,2641.56),(1688,8973,8973,NULL,NULL,NULL,NULL,0,0,0,69,NULL,NULL,NULL,NULL,0,1000,NULL),(1689,8973,8973,NULL,-2281.03,979.31,70.874,0.001,0.001,0,NULL,NULL,276,853,NULL,0,1000,2483.38),(1690,3718,3718,NULL,-2133.45,-2432,30.625,0.001,0.001,0,NULL,NULL,1025,572,NULL,0,500,3235.3),(1691,3718,3718,NULL,-2190.64,180.638,35.3279,0,0,0,NULL,NULL,1026,1256,NULL,0,500,2198.36),(1692,3718,3718,NULL,-71.788,-1108.4,1.07812,0,0,0,NULL,NULL,1027,539,NULL,0,500,1110.72),(1693,3718,3718,NULL,-2044.98,120.966,28.8473,0.001,0.001,0,NULL,NULL,1028,1366,NULL,0,500,2048.76),(1694,3718,3718,NULL,-1554.8,138.81,3.55469,0,0,0,NULL,NULL,1029,1374,NULL,0,500,1560.99),(1695,3718,3718,NULL,-2014.61,748.582,45.4453,0,0,0,NULL,NULL,1030,1299,NULL,0,500,2149.67),(1696,3718,3718,NULL,-2900.68,-1210.61,9.40129,4.8746,-2.00683,0,NULL,NULL,1031,1025,NULL,0,500,3143.18),(1697,3718,3718,NULL,-2243.23,781.753,49.4453,1.40934,-0.984511,0,NULL,NULL,1032,1132,NULL,0,500,2376.06),(1698,3718,3718,NULL,-2093.32,512.623,35.1719,0.001,0.001,0,NULL,NULL,1033,1269,NULL,0,500,2155.46),(1699,3718,3718,NULL,-2702.14,-2089.74,35.8635,-4.68377,3.27189,0,NULL,NULL,1034,1033,NULL,0,500,3416.12),(1700,3718,3718,NULL,-2015.75,6.74287,33.7273,2.29422,3.28421,0,NULL,NULL,1035,1360,NULL,0,500,2016.04),(1701,3718,3718,NULL,-1959,557.312,35.1719,0.001,0.001,0,NULL,NULL,1036,1279,NULL,0,500,2037.04),(1702,3718,3718,NULL,-587.116,-2415.69,39.8653,-16.1423,36.6701,0,NULL,NULL,1109,NULL,79,0,500,2486.34),(1703,3718,3718,NULL,-21.4809,-2528.77,36.6484,0,0,0,NULL,NULL,1037,555,NULL,0,500,2529.13),(1704,3718,3718,NULL,-2113.81,454.392,35.1719,0.001,0.001,0,NULL,NULL,1038,1265,NULL,0,500,2162.38),(1705,3718,3718,NULL,-2278.95,-133.087,35.3203,0.001,0.001,0,NULL,NULL,1039,1333,NULL,0,500,2283.11),(1706,3718,3718,NULL,-2492.34,-16.6336,25.7656,0.001,0.001,0,NULL,NULL,1040,773,NULL,0,500,2492.53),(1707,3718,3718,NULL,-2489.92,-2687.41,44.0263,-2.48799,2.43741,0,NULL,NULL,1041,1011,NULL,0,500,3663.85),(1708,3718,3718,NULL,-2239.26,307.801,35.1172,0,0,0,NULL,NULL,1042,1260,NULL,0,500,2260.59),(1709,3718,3718,NULL,-146.882,-2387.51,31.8541,-5.99632,1.39315,0,NULL,NULL,1043,1016,NULL,0,500,2392.24),(1710,3718,3718,NULL,-2315.08,-12.3705,35.3203,0,0,0,NULL,NULL,1044,775,NULL,0,500,2315.38),(1711,3718,3718,NULL,-2015.55,-37.756,35.2963,0,0,0,NULL,NULL,1045,1357,NULL,0,500,2016.21),(1712,3718,3718,NULL,-1977.36,663.22,46.5683,0.001,0.001,0,NULL,NULL,1046,1286,NULL,0,500,2086.14),(1713,3718,3718,NULL,-1927.95,559.373,35.1719,0.001,0.001,0,NULL,NULL,1047,1280,NULL,0,500,2007.77),(1714,3718,3718,NULL,-2072.7,7.9275,35.3203,0.001,0.001,0,NULL,NULL,1048,1350,NULL,0,500,2073.02),(1715,3718,3718,NULL,-2045.29,0.754501,35.3281,0.001,0.001,0,NULL,NULL,1049,1352,NULL,0,500,2045.6),(1716,3718,3718,NULL,-1451.55,413.916,7.1875,0.001,0.001,0,NULL,NULL,1050,346,NULL,0,500,1509.43),(1717,3718,3718,NULL,-1962.45,519.888,35.1719,0.001,0.001,0,NULL,NULL,1051,1275,NULL,0,500,2030.45),(1718,3718,3718,NULL,-2201.66,-2340.61,30.625,0,0,0,NULL,NULL,1052,596,NULL,0,500,3213.52),(1719,3718,3718,NULL,-2097.26,665.389,54.9805,0.001,0.001,0,NULL,NULL,1053,1304,NULL,0,500,2200.97),(1720,3718,3718,NULL,-1700.19,424.246,7.54375,3.19119,0.566333,0,NULL,NULL,1054,472,NULL,0,500,1752.34),(1721,3718,3718,NULL,-2943.79,-1727.11,20.2368,2.15074,4.07981,0,NULL,NULL,1055,1035,NULL,0,500,3413.1),(1722,3718,3718,NULL,-1959.65,700.368,46.5625,0.001,0.001,0,NULL,NULL,1056,1290,NULL,0,500,2081.56),(1723,3718,3718,NULL,-1910.58,622.817,35.1719,0.001,0.001,0,NULL,NULL,1057,1281,NULL,0,500,2009.84),(1724,3718,3718,NULL,-268.823,-2214.89,29.042,0.001,0.001,0,NULL,NULL,1058,549,NULL,0,500,2231.33),(1725,3718,3718,NULL,-1812.52,-2715.22,29.9224,-36.9465,-59.8853,0,NULL,NULL,1110,NULL,79,0,500,3264.74),(1726,3718,3718,NULL,-2631.66,96.772,4.32812,0.328271,0.469925,0,NULL,NULL,1059,233,NULL,0,500,2633.44),(1727,3718,3718,NULL,-2158.97,307.06,35.1172,0,0,0,NULL,NULL,1060,1259,NULL,0,500,2180.98),(1728,3718,3718,NULL,-2071.3,96.5672,29.7987,20.3743,-15.6311,0,NULL,NULL,1061,1365,NULL,0,500,2073.76),(1729,3718,3718,NULL,-2877.36,-1191.22,10.693,-4.89661,6.91401,0,NULL,NULL,1062,1027,NULL,0,500,3114.21),(1730,3718,3718,NULL,-2177.25,-122.275,35.2991,0.001,0.001,0,NULL,NULL,1063,1341,NULL,0,500,2180.97),(1731,3718,3718,NULL,-2990.42,478.927,4.91406,0,0,0,NULL,NULL,1064,1037,NULL,0,500,3028.53),(1732,3718,3718,NULL,-1927.22,498.058,35.7656,0,0,0,NULL,NULL,1065,1273,NULL,0,500,1990.86),(1733,3718,3718,NULL,-2183.63,-177.226,35.3203,0,0,0,NULL,NULL,1066,1337,NULL,0,500,2191.09),(1734,3718,3718,NULL,-2349.04,-118.422,35.3203,0,0,0,NULL,NULL,1067,1318,NULL,0,500,2352.29),(1735,3718,3718,NULL,-126.138,-2409.33,33.1185,-5.85813,0.598893,0,NULL,NULL,1068,1018,NULL,0,500,2412.86),(1736,3718,3718,NULL,-2242.7,748.953,49.412,0.001,0.001,0,NULL,NULL,1069,1133,NULL,0,500,2364.97),(1737,3718,3718,NULL,-862.427,-2805.15,70.6646,0,0,0,NULL,NULL,1070,561,NULL,0,500,2935.58),(1738,3718,3718,NULL,-2109.87,-6.27489,35.3203,0,0,0,NULL,NULL,1071,1349,NULL,0,500,2110.18),(1739,3718,3718,NULL,-2015.49,-11.4452,34.725,1.31246,1.87881,0,NULL,NULL,1072,1358,NULL,0,500,2015.82),(1740,4117,4117,NULL,-1962.45,541.598,35.1719,0.001,0.001,0,NULL,NULL,611,1277,NULL,0,800,2036.12),(1741,4117,4117,NULL,-2221.31,146.45,35.3203,0,0,0,NULL,NULL,612,1253,NULL,0,800,2226.41),(1742,4117,4117,NULL,-1888.49,623.499,35.1719,0,0,0,NULL,NULL,613,1282,NULL,0,800,1989.07),(1743,4117,4117,NULL,-1922.39,744.432,45.5038,0.001,0.001,0,NULL,NULL,614,1296,NULL,0,800,2062),(1744,4117,4117,NULL,-1600.4,159.251,3.71695,0,0,0,NULL,NULL,615,1372,NULL,0,800,1608.31),(1745,4117,4117,NULL,-2045.01,-14.5018,35.3203,0.001,0.001,0,NULL,NULL,616,1353,NULL,0,800,2045.37),(1746,4117,4117,NULL,-2134.33,-2504.57,31.8163,0.001,0.001,0,NULL,NULL,617,586,NULL,0,800,3290.78),(1747,4117,4117,NULL,-1964.39,680.572,46.5683,0.001,0.001,0,NULL,NULL,618,1288,NULL,0,800,2079.47),(1748,4117,4117,NULL,-1917.07,714.673,46.5625,0,0,0,NULL,NULL,619,1295,NULL,0,800,2046.48),(1749,4117,4117,NULL,-1506.75,148.271,3.55469,0,0,0,NULL,NULL,620,1376,NULL,0,800,1514.03),(1750,4117,4117,NULL,-1812.52,-2715.22,29.9224,-36.9465,-59.8853,0,NULL,NULL,1097,NULL,79,0,800,3264.74),(1751,4117,4117,NULL,-2049.42,74.5985,28.3977,0,0,0,NULL,NULL,621,1364,NULL,0,800,2050.97),(1752,4117,4117,NULL,-1567.72,-2730.1,48.7435,0.001,0.001,0,NULL,NULL,622,563,NULL,0,800,3148.58),(1753,4117,4117,NULL,-2103.37,656.012,52.3672,0,0,0,NULL,NULL,623,1306,NULL,0,800,2203.92),(1754,4117,4117,NULL,-2128.27,-18.5919,35.3203,0,0,0,NULL,NULL,624,1348,NULL,0,800,2128.64),(1755,4117,4117,NULL,-1888.25,662.559,39.6982,-5.84648,-8.36933,0,NULL,NULL,625,1283,NULL,0,800,2001.51),(1756,4117,4117,NULL,-2097.88,643.482,52.3672,0.001,0.001,0,NULL,NULL,626,1309,NULL,0,800,2194.97),(1757,4117,4117,NULL,-2069.82,-2561.57,31.0668,0,0,0,NULL,NULL,627,581,NULL,0,800,3293.44),(1758,4117,4117,NULL,-2310.66,-84.3836,35.3203,0,0,0,NULL,NULL,628,1329,NULL,0,800,2312.47),(1759,4117,4117,NULL,-2243.99,649.875,49.4453,0.001,0.001,0,NULL,NULL,629,1135,NULL,0,800,2336.72),(1760,4117,4117,NULL,-1939.5,705.985,46.5625,0,0,0,NULL,NULL,630,1291,NULL,0,800,2064.52),(1761,4117,4117,NULL,-2055.12,8.06668,35.3281,0,0,0,NULL,NULL,631,1351,NULL,0,800,2055.44),(1762,4117,4117,NULL,-1967.27,742.609,45.4453,0,0,0,NULL,NULL,632,1298,NULL,0,800,2103.26),(1763,4117,4117,NULL,-2097.45,681.372,61.5989,0.001,0.001,0,NULL,NULL,633,1302,NULL,0,800,2206.21),(1764,4117,4117,NULL,-1585.52,144.216,3.71695,0,0,0,NULL,NULL,634,1373,NULL,0,800,1592.07),(1765,4117,4117,NULL,-2032.83,-41.5832,35.4299,0.470026,-0.328341,0,NULL,NULL,635,1355,NULL,0,800,2033.56),(1766,4117,4117,NULL,-1206.75,-2846.05,68.4452,-1.87881,1.31246,0,NULL,NULL,636,1024,NULL,0,800,3092.08),(1767,4117,4117,NULL,-2315.1,-118.557,35.3203,0,0,0,NULL,NULL,637,1320,NULL,0,800,2318.4),(1768,4117,4117,NULL,-2941.64,-1721.78,19.8117,2.15074,4.07981,0,NULL,NULL,638,1036,NULL,0,800,3408.54),(1769,4117,4117,NULL,-586.721,-2413.42,39.2578,-16.1423,36.6701,0,NULL,NULL,1098,NULL,79,0,800,2484.02),(1770,4117,4117,NULL,-1881.27,-1638.42,25.0391,0,0,0,NULL,NULL,639,626,NULL,0,800,2494.84),(1771,4117,4117,NULL,-2243.8,-170.466,35.3125,0,0,0,NULL,NULL,640,1334,NULL,0,800,2250.54),(1772,4117,4117,NULL,-2045.17,-30.4225,35.4095,0.001,0.001,0,NULL,NULL,641,1354,NULL,0,800,2045.7),(1773,4117,4117,NULL,-2139.4,275.181,35.3594,0.001,0.001,0,NULL,NULL,642,1258,NULL,0,800,2157.31),(1774,4117,4117,NULL,-2105.16,653.739,52.3672,0,0,0,NULL,NULL,643,1307,NULL,0,800,2204.95),(1775,4117,4117,NULL,-2097.13,634.453,52.3594,0.001,0.001,0,NULL,NULL,644,1310,NULL,0,800,2191.63),(1776,4117,4117,NULL,-252.165,-1792.35,10.385,10.2317,6.65574,0,NULL,NULL,645,1008,NULL,0,800,1810.03),(1777,4117,4117,NULL,-2127.94,-26.9176,35.3281,0,0,0,NULL,NULL,646,1347,NULL,0,800,2128.4),(1778,4117,4117,NULL,-1594.89,-2707.67,48.5391,0,0,0,NULL,NULL,647,1385,NULL,0,800,3142.85),(1779,4117,4117,NULL,-2313.56,-92.7503,35.3203,0,0,0,NULL,NULL,648,1322,NULL,0,800,2315.69),(1780,4117,4117,NULL,-1621.23,-2688.79,48.7427,6.79528,9.72754,0,NULL,NULL,649,1387,NULL,0,800,3140.12),(1781,4117,4117,NULL,-2170.42,259.875,35.3277,0.001,0.001,0,NULL,NULL,650,783,NULL,0,800,2186.21),(1782,4117,4117,NULL,-2229.13,287.791,35.3203,0,0,0,NULL,NULL,651,1261,NULL,0,800,2247.91),(1783,4117,4117,NULL,-2096.92,602.248,44.7523,0.001,0.001,0,NULL,NULL,652,1313,NULL,0,800,2182.15),(1784,4117,4117,NULL,-2208.97,-2288.02,30.625,0.001,0.001,0,NULL,NULL,653,599,NULL,0,800,3180.49),(1785,4117,4117,NULL,-2211.41,368.362,35.3203,0,0,0,NULL,NULL,654,1263,NULL,0,800,2242.16),(1786,4117,4117,NULL,-2099.67,454.433,35.1719,0.001,0.001,0,NULL,NULL,655,1266,NULL,0,800,2148.57),(1787,4117,4117,NULL,-1935.58,744.428,45.5035,0.001,0.001,0,NULL,NULL,656,1297,NULL,0,800,2074.3),(1788,4117,4117,NULL,-2097.51,690.337,65.3117,-12.7735,-18.2854,0,NULL,NULL,657,1301,NULL,0,800,2209.16),(1789,4117,4117,NULL,-2276.8,-79.3609,35.3203,0.001,0.001,0,NULL,NULL,658,1331,NULL,0,800,2278.46),(1790,4118,4118,NULL,-2508.69,-2681.25,42.6018,-5.06259,-0.750049,0,NULL,NULL,804,1009,NULL,0,200,3672.12),(1791,4118,4118,NULL,-1933.61,709.964,47.9662,0,0,0,NULL,NULL,805,1293,NULL,0,200,2060.39),(1792,4118,4118,NULL,-2015.66,-1.22558,34.2772,0.001,0.001,0,NULL,NULL,806,1359,NULL,0,200,2015.95),(1793,4118,4118,NULL,-2042.66,61.1828,28.3906,0,0,0,NULL,NULL,807,1363,NULL,0,200,2043.77),(1794,4118,4118,NULL,-1868.95,-1607.44,21.7641,0.001,0.001,0,NULL,NULL,808,618,NULL,0,200,2465.22),(1795,4118,4118,NULL,-2234.7,-182.276,35.3205,-0.469323,-0.328964,0,NULL,NULL,809,1335,NULL,0,200,2242.4),(1796,4118,4118,NULL,-1617.6,-2691.13,48.7427,0.001,0.001,0,NULL,NULL,810,1386,NULL,0,200,3140.25),(1797,4118,4118,NULL,-2360.4,-117.528,35.3203,0,0,0,NULL,NULL,811,1317,NULL,0,200,2363.59),(1798,4118,4118,NULL,-245.012,-1775.76,7.44106,-1.11644,7.57801,0,NULL,NULL,812,1005,NULL,0,200,1792.6),(1799,4118,4118,NULL,-2994.23,470.784,4.91406,0,0,0,NULL,NULL,813,993,NULL,0,200,3031.02),(1800,4118,4118,NULL,-2243.4,174.925,35.3203,0,0,0,NULL,NULL,814,1254,NULL,0,200,2250.49),(1801,4118,4118,NULL,-2286.76,148.741,35.3125,0,0,0,NULL,NULL,815,1250,NULL,0,200,2291.86),(1802,4118,4118,NULL,34.4358,-2650.06,40.7285,0.001,0.001,0,NULL,NULL,816,556,NULL,0,200,2650.6),(1803,4118,4118,NULL,-2640.7,-2187.58,2.22341,-14.589,8.88593,0,NULL,NULL,817,999,NULL,0,200,3429.11),(1804,4118,4118,NULL,-2136.86,-83.9504,35.3203,0,0,0,NULL,NULL,818,1344,NULL,0,200,2138.8),(1805,4118,4118,NULL,-2292.4,-79.1162,35.3203,0.001,0.001,0,NULL,NULL,819,1330,NULL,0,200,2294.04),(1806,4118,4118,NULL,-2101.59,-2532.03,31.0668,0.001,0.001,0,NULL,NULL,820,584,NULL,0,200,3290.72),(1807,4118,4118,NULL,-2177.44,-130.821,35.2353,0.001,0.001,0,NULL,NULL,821,1340,NULL,0,200,2181.65),(1808,4118,4118,NULL,-2096.67,618.73,51.5699,12.5197,-17.8615,0,NULL,NULL,822,1312,NULL,0,200,2186.67),(1809,4118,4118,NULL,-1909.56,680.917,43.0149,5.85981,-8.36001,0,NULL,NULL,823,1284,NULL,0,200,2027.79),(1810,4118,4118,NULL,-2360.33,-82.5336,35.3203,0,0,0,NULL,NULL,824,1315,NULL,0,200,2362.04),(1811,4118,4118,NULL,-2245.05,-33.6314,35.3203,0,0,0,NULL,NULL,825,1245,NULL,0,200,2245.58),(1812,4118,4118,NULL,-2177.75,-166.724,35.3203,0.001,0.001,0,NULL,NULL,826,1338,NULL,0,200,2184.41),(1813,4118,4118,NULL,-2678.66,127.656,4.32812,0.001,0.001,0,NULL,NULL,827,237,NULL,0,200,2681.7),(1814,4118,4118,NULL,-1962.6,528.094,35.1719,0.001,0.001,0,NULL,NULL,828,1276,NULL,0,200,2032.71),(1815,4118,4118,NULL,-1977.79,115.16,27.694,0.001,0.001,0,NULL,NULL,829,1055,NULL,0,200,1981.33),(1816,4118,4118,NULL,-1561.86,-2733.73,48.7435,0,0,0,NULL,NULL,830,562,NULL,0,200,3148.82),(1817,4118,4118,NULL,-1939.21,709.968,46.5625,0,0,0,NULL,NULL,831,1292,NULL,0,200,2065.61),(1818,4118,4118,NULL,-2049.74,-2456.52,30.625,0,0,0,NULL,NULL,832,610,NULL,0,200,3199.51),(1819,4118,4118,NULL,-2057.93,229.896,35.6245,0.001,0.001,0,NULL,NULL,833,892,NULL,0,200,2071.04),(1820,4118,4118,NULL,-2175.43,-105.577,35.3203,0,0,0,NULL,NULL,834,1342,NULL,0,200,2178.28),(1821,4118,4118,NULL,-2337.32,-118.532,35.3203,0,0,0,NULL,NULL,835,1319,NULL,0,200,2340.59),(1822,4118,4118,NULL,-2096.91,457.971,35.1723,0.001,0.001,0,NULL,NULL,836,1267,NULL,0,200,2146.63),(1823,4118,4118,NULL,-2212.64,-179.799,35.3537,0.001,0.001,0,NULL,NULL,837,1336,NULL,0,200,2220.21),(1824,4118,4118,NULL,-2097.24,673.692,58.423,13.0831,-18.6653,0,NULL,NULL,838,1303,NULL,0,200,2203.56),(1825,4118,4118,NULL,-2409.61,-2189.53,34.0391,0.001,0.001,0,NULL,NULL,839,628,NULL,0,200,3255.98),(1826,4118,4118,NULL,-1190.16,-2844.72,67.7435,1.35852,3.05166,0,NULL,NULL,840,1022,NULL,0,200,3084.4),(1827,4118,4118,NULL,-251.288,-2030.25,32.877,-4.83003,2.89796,0,NULL,NULL,841,1002,NULL,0,200,2046.01),(1828,4118,4118,NULL,-2313.96,-105.794,35.3203,0,0,0,NULL,NULL,842,1321,NULL,0,200,2316.65),(1829,4118,4118,NULL,-2175.67,-88.9014,35.3203,0,0,0,NULL,NULL,843,1343,NULL,0,200,2177.77),(1830,4118,4118,NULL,-1962.39,551.407,35.1719,0.001,0.001,0,NULL,NULL,844,1278,NULL,0,200,2038.69),(1831,4118,4118,NULL,-1196.93,-2846.75,68.1276,2.01608,2.11278,0,NULL,NULL,845,1023,NULL,0,200,3088.89),(1832,4118,4118,NULL,-2074.8,-2526.84,31.0668,0.001,0.001,0,NULL,NULL,846,582,NULL,0,200,3269.66),(1833,4118,4118,NULL,-79.7995,-1169.89,2.16697,1.73685,0.517392,0,NULL,NULL,847,541,NULL,0,200,1172.61),(1834,4118,4118,NULL,-1546.81,130.3,3.55469,0.001,0.001,0,NULL,NULL,848,1375,NULL,0,200,1552.29),(1835,4118,4118,NULL,-2029.72,61.2183,28.3906,0,0,0,NULL,NULL,849,1362,NULL,0,200,2030.84),(1836,4118,4118,NULL,-2273.39,-117.658,35.3203,0.001,0.001,0,NULL,NULL,850,1332,NULL,0,200,2276.71),(1837,4118,4118,NULL,-2326.8,-82.0966,35.3203,0,0,0,NULL,NULL,851,1324,NULL,0,200,2328.52),(1838,4118,4118,NULL,-2360.52,-90.6044,35.3203,0,0,0,NULL,NULL,852,1316,NULL,0,200,2362.52),(1839,4118,4118,NULL,-136.868,-2391.37,32.6856,-3.36319,-5.15613,0,NULL,NULL,853,1017,NULL,0,200,2395.51),(1840,440,440,NULL,-1951.78,506.423,35.1719,0,0,0,NULL,NULL,181,1274,NULL,0,500,2016.72),(1841,440,440,NULL,-2621.79,71.6702,4.33594,0.001,0.001,0,NULL,NULL,182,1153,NULL,0,500,2622.77),(1842,440,440,NULL,-1964.16,694.776,46.5683,0.001,0.001,0,NULL,NULL,183,1289,NULL,0,500,2083.94),(1843,440,440,NULL,-2244.16,145.461,35.3203,0,0,0,NULL,NULL,184,779,NULL,0,500,2249.15),(1844,440,440,NULL,-1925.42,714.953,46.5625,0,0,0,NULL,NULL,185,1294,NULL,0,500,2054.4),(1845,440,440,NULL,-2102.27,649.67,52.3672,-0.573133,0,0,NULL,NULL,186,1308,NULL,0,500,2200.99),(1846,440,440,NULL,-243.046,-1744.23,4.43778,-3.43537,-4.57625,0,NULL,NULL,187,1004,NULL,0,500,1761.09),(1847,440,440,NULL,-2019.72,19.8265,33.21,0.573352,6.8464,0,NULL,NULL,188,1361,NULL,0,500,2020.09),(1848,440,440,NULL,-2096.93,625.619,52.3594,0,0,0,NULL,NULL,189,1311,NULL,0,500,2188.89),(1849,440,440,NULL,-1953.29,481.609,31.9688,0,0,0,NULL,NULL,190,1271,NULL,0,500,2012.04),(1850,440,440,NULL,-364.165,-1423.8,25.7266,0.001,0.001,0,NULL,NULL,191,527,NULL,0,500,1469.86),(1851,440,440,NULL,-2045.02,127.469,28.8359,0,0,0,NULL,NULL,192,1367,NULL,0,500,2049.19),(1852,440,440,NULL,-2895.09,-1217.45,9.62706,-2.86387,-6.28046,0,NULL,NULL,193,1026,NULL,0,500,3140.67),(1853,440,440,NULL,-1812.52,-2715.22,29.9224,70.2513,4.0063,0,NULL,NULL,1078,NULL,79,0,500,3264.74),(1854,440,440,NULL,-2313.49,-83.4635,35.3203,0,0,0,NULL,NULL,194,1323,NULL,0,500,2315.26),(1855,440,440,NULL,-2159.59,-2546.07,31.0674,1.71927,3.43534,0,NULL,NULL,195,588,NULL,0,500,3338.75),(1856,440,440,NULL,-2064.23,743.164,64.0324,4.57634,22.7941,0,NULL,NULL,196,1300,NULL,0,500,2194.87),(1857,440,440,NULL,-2191.42,-2327.24,30.625,0,0,0,NULL,NULL,197,597,NULL,0,500,3196.76),(1858,440,440,NULL,-2100.16,-82.9635,35.3273,0,0,0,NULL,NULL,198,1345,NULL,0,500,2102.09),(1859,440,440,NULL,-2708.89,-2085.75,35.4428,0.573133,-3.43545,0,NULL,NULL,199,1032,NULL,0,500,3419.02),(1860,440,440,NULL,-2880.98,722.925,29.1583,1.71927,0,0,NULL,NULL,200,409,NULL,0,500,2970.44),(1861,440,440,NULL,-1937.81,492.529,31.9688,0,0,0,NULL,NULL,201,1272,NULL,0,500,1999.68),(1862,440,440,NULL,-1427.46,-2930.74,47.0074,-3.43523,1.71938,0,NULL,NULL,202,1039,NULL,0,500,3260.23),(1863,440,440,NULL,-2709.09,-2075.63,35.5277,0.573133,-2.29182,0,NULL,NULL,203,1031,NULL,0,500,3413.01),(1864,440,440,NULL,-2088.26,-2510.77,31.0668,0,0,0,NULL,NULL,204,583,NULL,0,500,3265.85),(1865,440,440,NULL,-403.876,-2815.11,46.129,0.573352,2.29182,0,NULL,NULL,205,560,NULL,0,500,2844.31),(1866,440,440,NULL,-2722.84,-127.93,5,0.001,0.001,0,NULL,NULL,206,251,NULL,0,500,2725.85),(1867,440,440,NULL,-2529.2,-2666.24,40.4698,-3.43545,-2.86381,0,NULL,NULL,207,1014,NULL,0,500,3675.23),(1868,440,440,NULL,-2227.5,164.043,35.3203,0,0,0,NULL,NULL,208,1251,NULL,0,500,2233.81),(1869,440,440,NULL,-251.311,-1779.45,8.06952,-8.53507,-6.28049,0,NULL,NULL,209,1006,NULL,0,500,1797.13),(1870,440,440,NULL,-249.772,-1785.69,9.03586,-9.09491,4.00624,0,NULL,NULL,210,1007,NULL,0,500,1803.1),(1871,440,440,NULL,-8.60829,-2495.14,36.6484,0,0,0,NULL,NULL,211,553,NULL,0,500,2495.42),(1872,440,440,NULL,-2885.97,-1704.88,22.128,-7.41062,-0.573242,0,NULL,NULL,212,992,NULL,0,500,3352),(1873,440,440,NULL,-1975.87,675.254,46.5683,0.001,0.001,0,NULL,NULL,213,1287,NULL,0,500,2088.59),(1874,440,440,NULL,-2026.97,512.316,35.1719,0.001,0.001,0,NULL,NULL,214,1270,NULL,0,500,2091.01),(1875,440,440,NULL,-2343.4,-82.1815,35.3203,0,0,0,NULL,NULL,215,1325,NULL,0,500,2345.11),(1876,440,440,NULL,-2139.05,231.07,35.3594,0.001,0.001,0,NULL,NULL,216,1257,NULL,0,500,2151.78),(1877,440,440,NULL,-2334.58,-62.5114,35.3203,0,0,0,NULL,NULL,217,1328,NULL,0,500,2335.68),(1878,440,440,NULL,-2190.3,-2511.57,31.8163,0.001,0.001,0,NULL,NULL,218,591,NULL,0,500,3332.63),(1879,440,440,NULL,-2050.11,149.073,28.8359,0,0,0,NULL,NULL,219,1369,NULL,0,500,2055.73),(1880,440,440,NULL,-2947.94,-1724.92,20.0495,-4.57624,0,0,NULL,NULL,220,1034,NULL,0,500,3415.57),(1881,440,440,NULL,-2589.57,59.9007,4.33594,0.001,0.001,0,NULL,NULL,221,1154,NULL,0,500,2590.27),(1882,440,440,NULL,-2096.43,472.027,35.1719,0.001,0.001,0,NULL,NULL,222,1268,NULL,0,500,2149.2),(1883,440,440,NULL,-2175.9,-153.058,35.2851,-0.573352,0,0,NULL,NULL,223,1339,NULL,0,500,2181.56),(1884,440,440,NULL,-2103.45,658.295,52.3672,5.14538,0,0,NULL,NULL,224,1305,NULL,0,500,2204.68),(1885,440,440,NULL,-2120.83,-29.9632,35.3203,0,0,0,NULL,NULL,225,1346,NULL,0,500,2121.34),(1886,440,440,NULL,-2620.8,103.353,7.20312,0.001,0.001,0,NULL,NULL,226,226,NULL,0,500,2622.85),(1887,440,440,NULL,NULL,NULL,NULL,0,0,0,33,NULL,NULL,NULL,NULL,0,500,NULL),(1888,440,440,NULL,-1558.75,-2722.65,48.7435,0,0,0,NULL,NULL,227,565,NULL,0,500,3137.66),(1889,440,440,NULL,-2054.16,149.081,28.8359,0,0,0,NULL,NULL,228,1368,NULL,0,500,2059.76);
/*!40000 ALTER TABLE `objects` ENABLE KEYS */;
UNLOCK TABLES;

--
-- Table structure for table `players`
--

DROP TABLE IF EXISTS `players`;
CREATE TABLE `players` (
  `id` int(11) NOT NULL AUTO_INCREMENT,
  `name` varchar(24) NOT NULL DEFAULT '',
  `passwd` varchar(32) NOT NULL DEFAULT '',
  `reg_ip` varchar(15) NOT NULL DEFAULT '',
  `last_ip` varchar(15) NOT NULL DEFAULT '',
  `reg_ip_int` int(11) NOT NULL DEFAULT '0',
  `last_ip_int` int(11) NOT NULL DEFAULT '0',
  `reg_date` datetime NOT NULL DEFAULT '0000-00-00 00:00:00',
  `last_date` datetime NOT NULL DEFAULT '0000-00-00 00:00:00',
  PRIMARY KEY (`name`),
  KEY `id` (`id`)
) TYPE=MyISAM AUTO_INCREMENT=81;

--
-- Dumping data for table `players`
--

LOCK TABLES `players` WRITE;
/*!40000 ALTER TABLE `players` DISABLE KEYS */;
INSERT INTO `players` VALUES (26,'=DOC=KilleR','5f4dcc3b5aa765d61d8327deb882cf99','31.131.64.39','31.131.64.39',0,0,'2014-03-27 16:33:00','2014-03-27 16:33:00'),(59,'Aidsregen','5f4dcc3b5aa765d61d8327deb882cf99','82.83.93.63','82.83.93.63',0,0,'2014-03-27 22:45:12','2014-03-27 22:45:12'),(38,'Aleksandr_Willson','5f4dcc3b5aa765d61d8327deb882cf99','95.71.128.46','95.71.128.46',0,0,'2014-03-27 21:03:45','2014-03-27 21:03:45'),(24,'ANdReeY_Cooplay','5f4dcc3b5aa765d61d8327deb882cf99','178.216.17.182','178.216.17.182',0,0,'2014-03-27 16:01:56','2014-03-27 16:01:56'),(63,'ArcadeshotBr','5f4dcc3b5aa765d61d8327deb882cf99','187.67.41.19','187.67.41.19',0,0,'2014-03-28 01:37:58','2014-03-28 01:37:58'),(58,'Batmen','5f4dcc3b5aa765d61d8327deb882cf99','95.135.140.103','95.135.140.103',0,0,'2014-03-27 22:21:43','2014-03-27 22:21:43'),(57,'BlackStarRo','5f4dcc3b5aa765d61d8327deb882cf99','188.25.36.100','188.25.36.100',0,0,'2014-03-27 21:38:05','2014-03-27 21:38:05'),(23,'Bombo','5f4dcc3b5aa765d61d8327deb882cf99','127.0.0.1','127.0.0.1',0,0,'2014-03-26 19:09:03','2014-10-13 19:27:48'),(42,'Crezzi_Men','5f4dcc3b5aa765d61d8327deb882cf99','94.153.250.6','94.153.250.6',0,0,'2014-03-27 21:19:11','2014-03-27 21:19:11'),(54,'edilios','5f4dcc3b5aa765d61d8327deb882cf99','85.121.147.132','85.121.147.132',0,0,'2014-03-27 21:27:02','2014-03-27 21:27:02'),(40,'Itachi','5f4dcc3b5aa765d61d8327deb882cf99','109.99.52.43','109.99.52.43',0,0,'2014-03-27 21:18:05','2014-03-27 21:18:05'),(56,'JavierBallz','5f4dcc3b5aa765d61d8327deb882cf99','92.56.155.140','92.56.155.140',0,0,'2014-03-27 21:37:57','2014-03-27 21:37:57'),(25,'Jhames_Bond','5f4dcc3b5aa765d61d8327deb882cf99','178.206.0.91','178.206.0.91',0,0,'2014-03-27 16:04:29','2014-03-27 16:04:29'),(51,'Justas_Bikiunas','5f4dcc3b5aa765d61d8327deb882cf99','82.140.182.60','82.140.182.60',0,0,'2014-03-27 21:24:03','2014-03-27 21:24:03'),(39,'kaTha','5f4dcc3b5aa765d61d8327deb882cf99','89.137.249.245','89.137.249.245',0,0,'2014-03-27 21:08:34','2014-03-27 21:08:34'),(64,'Kenny','5f4dcc3b5aa765d61d8327deb882cf99','127.0.0.1','127.0.0.1',0,0,'2014-03-28 02:04:32','2014-03-31 00:49:10'),(43,'Kirill_Crazy','5f4dcc3b5aa765d61d8327deb882cf99','188.239.240.166','188.239.240.166',0,0,'2014-03-27 21:19:16','2014-03-27 21:19:16'),(34,'Kirishin','5f4dcc3b5aa765d61d8327deb882cf99','187.23.81.206','187.23.81.206',0,0,'2014-03-27 18:19:46','2014-03-27 18:19:46'),(33,'Klor666','5f4dcc3b5aa765d61d8327deb882cf99','91.217.53.226','91.217.53.226',0,0,'2014-03-27 17:59:18','2014-03-30 20:53:09'),(62,'Loolm','5f4dcc3b5aa765d61d8327deb882cf99','109.209.116.193','109.209.116.193',0,0,'2014-03-28 00:50:30','2014-03-28 00:50:30'),(50,'Luciano_Alex','5f4dcc3b5aa765d61d8327deb882cf99','89.132.244.73','89.132.244.73',0,0,'2014-03-27 21:23:59','2014-03-27 21:23:59'),(49,'Luciano_Thomas','5f4dcc3b5aa765d61d8327deb882cf99','84.236.23.161','84.236.23.161',0,0,'2014-03-27 21:22:56','2014-03-27 21:22:56'),(45,'Master_Shadow','5f4dcc3b5aa765d61d8327deb882cf99','46.214.44.98','46.214.44.98',0,0,'2014-03-27 21:20:00','2014-03-27 21:20:00'),(28,'miki','5f4dcc3b5aa765d61d8327deb882cf99','109.229.109.31','109.229.109.31',0,0,'2014-03-27 17:20:47','2014-03-27 17:20:47'),(52,'nigalol','5f4dcc3b5aa765d61d8327deb882cf99','185.41.20.108','185.41.20.108',0,0,'2014-03-27 21:24:04','2014-03-27 21:24:04'),(60,'NiggahWithAK','5f4dcc3b5aa765d61d8327deb882cf99','2.240.131.183','2.240.131.183',0,0,'2014-03-27 22:45:13','2014-03-27 22:45:13'),(29,'Nogami_Kotarou','5f4dcc3b5aa765d61d8327deb882cf99','125.165.125.11','125.165.125.11',0,0,'2014-03-27 17:26:07','2014-03-27 17:26:07'),(36,'Petruha','5f4dcc3b5aa765d61d8327deb882cf99','109.188.127.63','109.188.127.63',0,0,'2014-03-27 19:24:41','2014-03-27 19:24:41'),(37,'Randy_Seven','5f4dcc3b5aa765d61d8327deb882cf99','109.200.156.240','109.200.156.240',0,0,'2014-03-27 20:51:16','2014-03-27 20:51:16'),(55,'rex538','5f4dcc3b5aa765d61d8327deb882cf99','85.196.197.144','85.196.197.144',0,0,'2014-03-27 21:33:16','2014-03-27 21:33:16'),(32,'RockyJames12','5f4dcc3b5aa765d61d8327deb882cf99','213.151.215.195','213.151.215.195',0,0,'2014-03-27 17:58:18','2014-03-27 17:58:18'),(31,'RoteeenFlesh','5f4dcc3b5aa765d61d8327deb882cf99','188.27.25.193','188.27.25.193',0,0,'2014-03-27 17:53:04','2014-03-27 17:53:04'),(35,'Sami','5f4dcc3b5aa765d61d8327deb882cf99','176.182.20.160','176.182.20.160',0,0,'2014-03-27 19:22:15','2014-03-27 19:22:15'),(41,'Sanya_Klip','5f4dcc3b5aa765d61d8327deb882cf99','95.133.249.189','95.133.249.189',0,0,'2014-03-27 21:18:31','2014-03-27 21:18:31'),(61,'Sebastian_Carrillo','5f4dcc3b5aa765d61d8327deb882cf99','187.191.13.200','187.191.13.200',0,0,'2014-03-27 22:52:15','2014-03-27 22:52:15'),(47,'Skott_Wiwke','5f4dcc3b5aa765d61d8327deb882cf99','77.40.21.48','77.40.21.48',0,0,'2014-03-27 21:22:13','2014-03-27 21:22:13'),(30,'tom2psr','5f4dcc3b5aa765d61d8327deb882cf99','82.247.244.169','82.247.244.169',0,0,'2014-03-27 17:33:07','2014-03-27 17:33:07'),(44,'Ug.Kanciasty','5f4dcc3b5aa765d61d8327deb882cf99','80.4.139.237','80.4.139.237',0,0,'2014-03-27 21:19:21','2014-03-27 21:19:21'),(27,'vanya','5f4dcc3b5aa765d61d8327deb882cf99','31.131.64.39','31.131.64.39',0,0,'2014-03-27 16:33:00','2014-03-27 16:33:00'),(48,'Wicky','5f4dcc3b5aa765d61d8327deb882cf99','84.52.8.197','84.52.8.197',0,0,'2014-03-27 21:22:42','2014-03-27 21:22:42'),(46,'Your_Perdack','5f4dcc3b5aa765d61d8327deb882cf99','77.40.119.51','77.40.119.51',0,0,'2014-03-27 21:21:16','2014-03-27 21:21:16'),(53,'Zhenek_Emigrant','5f4dcc3b5aa765d61d8327deb882cf99','176.212.85.8','176.212.85.8',0,0,'2014-03-27 21:26:05','2014-03-27 21:26:43'),(65,'Vitalya_Litvino','5f4dcc3b5aa765d61d8327deb882cf99','95.56.30.199','95.56.30.199',0,0,'0000-00-00 00:00:00','0000-00-00 00:00:00'),(66,'Merlan_Coold','5f4dcc3b5aa765d61d8327deb882cf99','92.46.19.47','92.46.19.47',0,0,'0000-00-00 00:00:00','0000-00-00 00:00:00'),(67,'sebyuta','5f4dcc3b5aa765d61d8327deb882cf99','93.118.197.77','93.118.197.77',0,0,'0000-00-00 00:00:00','0000-00-00 00:00:00'),(68,'Robert_28','5f4dcc3b5aa765d61d8327deb882cf99','176.223.8.218','176.223.8.218',0,0,'0000-00-00 00:00:00','0000-00-00 00:00:00'),(69,'[CCCP]Stalin','5f4dcc3b5aa765d61d8327deb882cf99','78.98.196.5','78.98.196.5',0,0,'0000-00-00 00:00:00','0000-00-00 00:00:00'),(70,'Robo19','5f4dcc3b5aa765d61d8327deb882cf99','178.40.92.92','178.40.92.92',0,0,'0000-00-00 00:00:00','0000-00-00 00:00:00'),(71,'pivar','5f4dcc3b5aa765d61d8327deb882cf99','93.73.14.199','93.73.14.199',0,0,'0000-00-00 00:00:00','0000-00-00 00:00:00'),(72,'Killer','5f4dcc3b5aa765d61d8327deb882cf99','88.228.240.42','88.228.240.42',0,0,'0000-00-00 00:00:00','2014-03-30 20:29:41'),(73,'Walid_DaCosa','5f4dcc3b5aa765d61d8327deb882cf99','88.178.171.229','88.178.171.229',0,0,'0000-00-00 00:00:00','0000-00-00 00:00:00'),(74,'Darking','5f4dcc3b5aa765d61d8327deb882cf99','88.178.171.229','88.178.171.229',0,0,'0000-00-00 00:00:00','0000-00-00 00:00:00'),(75,'[0P]_.[K]OLOR4D[4]._','5f4dcc3b5aa765d61d8327deb882cf99','189.114.100.212','189.114.100.212',0,0,'0000-00-00 00:00:00','0000-00-00 00:00:00'),(76,'Gu44i','5f4dcc3b5aa765d61d8327deb882cf99','127.0.0.1','127.0.0.1',0,0,'0000-00-00 00:00:00','0000-00-00 00:00:00'),(77,'Perelli1','5f4dcc3b5aa765d61d8327deb882cf99','127.0.0.1','127.0.0.1',0,0,'0000-00-00 00:00:00','0000-00-00 00:00:00'),(78,'zanoza_maker','5f4dcc3b5aa765d61d8327deb882cf99','127.0.0.1','127.0.0.1',0,0,'0000-00-00 00:00:00','0000-00-00 00:00:00'),(79,'xXGIOVANESCOXx','5f4dcc3b5aa765d61d8327deb882cf99','191.19.243.77','191.19.243.77',0,0,'0000-00-00 00:00:00','0000-00-00 00:00:00'),(80,'Mainha_Do_Exu','5f4dcc3b5aa765d61d8327deb882cf99','189.14.233.253','189.14.233.253',0,0,'0000-00-00 00:00:00','0000-00-00 00:00:00');
/*!40000 ALTER TABLE `players` ENABLE KEYS */;
UNLOCK TABLES;

--
-- Table structure for table `spawns`
--

DROP TABLE IF EXISTS `spawns`;
CREATE TABLE `spawns` (
  `id` int(11) NOT NULL AUTO_INCREMENT,
  `placex` float NOT NULL DEFAULT '0',
  `placey` float NOT NULL DEFAULT '0',
  `placez` float NOT NULL DEFAULT '0',
  `angle` float NOT NULL DEFAULT '0',
  `last_time` datetime DEFAULT NULL,
  KEY `id` (`id`)
) TYPE=MyISAM AUTO_INCREMENT=16;

--
-- Dumping data for table `spawns`
--

LOCK TABLES `spawns` WRITE;
/*!40000 ALTER TABLE `spawns` DISABLE KEYS */;
INSERT INTO `spawns` VALUES (1,21.7357,-2774.52,35.6317,111.486,'2014-03-31 00:23:00'),(2,-1435.05,-2940.4,43.9212,73.8664,'2014-03-31 00:30:26'),(3,-2515.22,-2689.77,40.6987,260.325,'2014-03-31 01:53:04'),(4,-2651.95,-2201.98,3.47249,106.023,'2014-03-31 00:36:43'),(5,-2884.2,-1193.62,9.88482,89.5965,'2014-03-30 20:57:48'),(6,-2995.58,456.789,4.91406,140.476,'2014-03-30 22:58:01'),(7,-239.363,-1769.83,6.43822,125.221,'2014-03-31 01:35:48'),(8,-238.764,-2008.5,26.9043,192.252,'2014-03-31 00:56:48'),(9,-140.443,-2371.45,29.6802,222.332,'2014-03-30 15:11:55'),(10,-391.905,-2857.62,39.2142,73.8679,'2014-03-30 22:47:52'),(11,-1223.93,-2932.92,49.0746,76.6051,'2014-03-30 20:55:21'),(12,-2133.62,-2778.52,40.7714,258.017,'2014-03-31 00:29:58'),(13,-2948.8,-1728.16,20.3093,196.773,'2014-03-30 22:56:42'),(14,-2736.95,-2074.4,30.8972,187.476,'2014-03-30 22:55:26'),(15,-1183.15,-2838.26,64.9915,195.748,'2014-03-30 20:57:36');
/*!40000 ALTER TABLE `spawns` ENABLE KEYS */;
UNLOCK TABLES;

--
-- Table structure for table `thing_type`
--

DROP TABLE IF EXISTS `thing_type`;
CREATE TABLE `thing_type` (
  `id` int(11) NOT NULL AUTO_INCREMENT,
  `name` varchar(64) NOT NULL DEFAULT '',
  `about` varchar(64) DEFAULT NULL,
  PRIMARY KEY (`name`),
  KEY `id` (`id`)
) TYPE=MyISAM AUTO_INCREMENT=13;

--
-- Dumping data for table `thing_type`
--

LOCK TABLES `thing_type` WRITE;
/*!40000 ALTER TABLE `thing_type` DISABLE KEYS */;
INSERT INTO `thing_type` VALUES (10,'CAR_PARTS',''),(5,'HAND_WEAPON_TYPE',''),(7,'ORDINARY_AMMO_TYPE',''),(3,'ORDINARY_GUN_TYPE',''),(2,'ORDINARY_RIFLE_TYPE',''),(8,'RARE_AMMO_TYPE',''),(4,'RARE_GUN_TYPE',''),(6,'RARE_HAND_WEAPON_TYPE',''),(1,'SOMETHING_TYPE',''),(12,'SOME_USEFULL_TYPE',''),(11,'SOME_VEHICLE',''),(9,'UNUSUAL_AMMO_TYPE','');
/*!40000 ALTER TABLE `thing_type` ENABLE KEYS */;
UNLOCK TABLES;

--
-- Table structure for table `things`
--

DROP TABLE IF EXISTS `things`;
CREATE TABLE `things` (
  `id` int(11) NOT NULL AUTO_INCREMENT,
  `name` varchar(64) NOT NULL DEFAULT '',
  `is_inventory` int(11) NOT NULL DEFAULT '0',
  `is_auto` int(11) NOT NULL DEFAULT '0',
  `is_vehicle` int(11) NOT NULL DEFAULT '0',
  `rotx` int(11) NOT NULL DEFAULT '0',
  `roty` int(11) NOT NULL DEFAULT '0',
  `rotz` int(11) NOT NULL DEFAULT '0',
  `inventx` float NOT NULL DEFAULT '0',
  `inventy` float NOT NULL DEFAULT '0',
  `inventz` float NOT NULL DEFAULT '0',
  `zoom` float NOT NULL DEFAULT '1',
  `posx` float NOT NULL DEFAULT '0',
  `posy` float NOT NULL DEFAULT '0',
  `posz` float NOT NULL DEFAULT '0',
  `height` float NOT NULL DEFAULT '0',
  `invent_id` int(11) NOT NULL DEFAULT '0',
  `inworld_id` int(11) NOT NULL DEFAULT '0',
  `rotatable` int(11) NOT NULL DEFAULT '0',
  `def_value` int(11) NOT NULL DEFAULT '0',
  `type_id` int(11) NOT NULL DEFAULT '1',
  `is_consumble` int(11) NOT NULL DEFAULT '0',
  PRIMARY KEY (`name`),
  KEY `id` (`id`)
) TYPE=MyISAM AUTO_INCREMENT=10308;

--
-- Dumping data for table `things`
--

LOCK TABLES `things` WRITE;
/*!40000 ALTER TABLE `things` DISABLE KEYS */;
INSERT INTO `things` VALUES (3,'AK47_AMMO',1,0,0,0,0,1,0,270,200,2,0,0,30,-0.65,2061,1271,1,30,7,1),(1731,'BICYCLE_VEHICLE',0,0,1,0,0,1,0,0,20,1,0,0,0,-0.5,510,510,0,0,11,0),(440,'BOTTLE_OF_LEMONADE',1,0,0,0,0,1,0,0,290,1.5,0,0,0,-1,1544,1544,1,500,1,0),(528,'BOTTLE_OF_WATER',1,0,0,0,0,1,0,0,290,1.5,0,0,0,-0.85,1486,1486,1,250,1,0),(8973,'CAR_ENGINE',1,0,0,0,0,1,-30,0,140,1,0,0,80,-0.54,920,920,1,1000,10,0),(9285,'CAR_TOOLBOX',1,0,0,0,0,1,-30,0,140,1.4,0,0,50,-0.84,1210,1210,1,0,10,0),(7,'CAR_WHEEL',1,0,0,0,0,1,0,0,50,2,0,0,0,-0.54,1025,1025,0,100,10,0),(9634,'COMPASS_BOX',1,1,0,0,0,1,-30,0,148,2.2,0,0,105,-1,2710,2710,1,0,12,0),(1,'EMPTY_AK47',1,0,0,0,0,1,-10,0,20,3,90,0,120,-0.95,355,355,1,0,2,0),(527,'EMPTY_BOTTLE',1,0,0,0,1,1,50,110,290,1.5,270,0,30,-0.96,1486,1486,1,0,1,0),(1900,'EMPTY_JERRYCAN',1,0,0,0,1,0,72,306,0,1.7,90,0,72,-0.92,1650,1650,1,0,10,0),(66,'EMPTY_M4',1,0,0,0,0,1,-10,0,20,3,90,0,170,-0.95,356,356,0,0,2,0),(68,'EMPTY_PISTOL',1,0,0,0,0,1,-10,0,20,1.7,90,0,20,-0.95,348,348,0,0,3,0),(4,'EMPTY_RIFLE',1,0,0,0,0,1,-20,0,20,3,90,0,28,-0.95,357,357,0,0,4,0),(70,'EMPTY_SNIPER_RIFLE',1,0,0,0,0,1,10,0,0,3,90,0,50,-0.95,357,357,0,0,2,0),(1899,'FULL_JERRYCAN',1,0,0,0,0,1,0,0,20,1.7,0,0,50,-0.7,1650,1650,1,20,10,0),(4117,'FULL_PIZZA',1,0,0,0,0,1,-30,0,68,2.2,0,0,125,-1,1582,1582,1,800,1,0),(9635,'GPS_NAVIGATOR',1,1,0,0,-1,0,-90,30,180,1.2,0,0,105,-0.98,18875,18875,1,0,12,0),(562,'JEEP_VEHICLE',0,0,1,0,0,1,0,0,20,1,0,0,0,-0.5,500,500,0,0,11,0),(2,'LOADED_AK47',1,0,0,0,0,1,10,0,20,3,90,0,150,-0.95,355,355,0,0,2,0),(65,'LOADED_M4',1,0,0,0,0,1,10,0,20,3,90,0,75,-0.95,356,356,0,0,2,0),(67,'LOADED_PISTOL',1,0,0,0,0,1,10,0,20,1.7,90,0,100,-0.95,348,348,0,0,3,0),(5,'LOADED_RIFLE',1,0,0,0,0,1,10,0,20,3,90,0,50,-0.95,357,357,0,0,4,0),(69,'LOADED_SNIPER_RIFLE',1,0,0,0,0,1,10,0,0,3,90,0,50,-0.95,357,357,0,0,2,0),(84,'M4_AMMO',1,0,0,0,0,1,0,90,20,2.3,0,0,120,-0.65,2061,1271,1,30,7,1),(4118,'PIECE_OF_PIZZA',1,0,0,0,1,0,50,298,90,1.6,0,270,55,-0.97,2702,2702,1,200,1,1),(447,'PISTOL_AMMO',1,0,0,0,0,-1,330,0,142,1.8,0,0,220,-0.65,2043,1271,1,7,8,1),(6,'RIFLE_AMMO',1,0,0,0,0,1,0,0,200,1.6,0,0,70,-0.65,2061,1271,1,10,8,1),(3718,'THE_BANDAGE',1,0,0,0,0,1,-30,0,68,2.2,0,0,125,-1,1279,1577,1,500,1,0),(9612,'VAN_VEHICLE',0,0,1,0,0,1,0,0,20,1,0,0,0,-0.5,483,483,0,0,11,0);
/*!40000 ALTER TABLE `things` ENABLE KEYS */;
UNLOCK TABLES;

--
-- Table structure for table `veh_data`
--

DROP TABLE IF EXISTS `veh_data`;
CREATE TABLE `veh_data` (
  `object_id` int(11) NOT NULL DEFAULT '0',
  `color1` int(11) NOT NULL DEFAULT '0',
  `color2` int(11) NOT NULL DEFAULT '0',
  `panels` int(11) NOT NULL DEFAULT '0',
  `doors` int(11) NOT NULL DEFAULT '0',
  `light` int(11) NOT NULL DEFAULT '0',
  `tires` int(11) NOT NULL DEFAULT '0',
  `patrol` int(11) NOT NULL DEFAULT '0',
  `is_working` int(11) NOT NULL DEFAULT '0',
  `engine_id` int(11) NOT NULL DEFAULT '0',
  PRIMARY KEY (`object_id`)
) TYPE=MyISAM;

--
-- Dumping data for table `veh_data`
--

LOCK TABLES `veh_data` WRITE;
/*!40000 ALTER TABLE `veh_data` DISABLE KEYS */;
INSERT INTO `veh_data` VALUES (718,0,0,36700194,33686018,5,0,19,0,0),(719,0,0,0,0,0,0,0,0,0),(720,0,0,0,0,0,15,5,0,0);
/*!40000 ALTER TABLE `veh_data` ENABLE KEYS */;
UNLOCK TABLES;

--
-- Table structure for table `veh_invent`
--

DROP TABLE IF EXISTS `veh_invent`;
CREATE TABLE `veh_invent` (
  `object_id` int(11) NOT NULL AUTO_INCREMENT,
  `inv1` int(11) NOT NULL DEFAULT '-1',
  `inv2` int(11) NOT NULL DEFAULT '-1',
  `inv3` int(11) NOT NULL DEFAULT '-1',
  `inv4` int(11) NOT NULL DEFAULT '-1',
  `inv5` int(11) NOT NULL DEFAULT '-1',
  `inv6` int(11) NOT NULL DEFAULT '-1',
  `inv7` int(11) NOT NULL DEFAULT '-1',
  `inv8` int(11) NOT NULL DEFAULT '-1',
  `inv9` int(11) NOT NULL DEFAULT '-1',
  `inv10` int(11) NOT NULL DEFAULT '-1',
  `inv11` int(11) NOT NULL DEFAULT '-1',
  `inv12` int(11) NOT NULL DEFAULT '-1',
  PRIMARY KEY (`object_id`)
) TYPE=MyISAM AUTO_INCREMENT=721;

--
-- Dumping data for table `veh_invent`
--

LOCK TABLES `veh_invent` WRITE;
/*!40000 ALTER TABLE `veh_invent` DISABLE KEYS */;
INSERT INTO `veh_invent` VALUES (718,1659,1580,-1,-1,-1,-1,-1,-1,-1,-1,-1,-1),(719,-1,-1,-1,-1,-1,-1,-1,-1,-1,-1,-1,-1),(720,-1,1568,1260,-1,-1,-1,-1,-1,-1,-1,-1,-1);
/*!40000 ALTER TABLE `veh_invent` ENABLE KEYS */;
UNLOCK TABLES;

--
-- Table structure for table `vehicles`
--

DROP TABLE IF EXISTS `vehicles`;
CREATE TABLE `vehicles` (
  `thing_id` int(11) NOT NULL DEFAULT '0',
  `cells` int(11) NOT NULL DEFAULT '4',
  `wheels` int(11) NOT NULL DEFAULT '4',
  `def_panels` int(11) NOT NULL DEFAULT '0',
  `def_doors` int(11) NOT NULL DEFAULT '0',
  `def_light` int(11) NOT NULL DEFAULT '0',
  `def_tires` int(11) NOT NULL DEFAULT '0',
  `def_patrol` int(11) NOT NULL DEFAULT '0',
  `patrol_cons` int(11) NOT NULL DEFAULT '10',
  `max_patrol` int(11) NOT NULL DEFAULT '1000',
  PRIMARY KEY (`thing_id`)
) TYPE=MyISAM;

--
-- Dumping data for table `vehicles`
--

LOCK TABLES `vehicles` WRITE;
/*!40000 ALTER TABLE `vehicles` DISABLE KEYS */;
INSERT INTO `vehicles` VALUES (562,4,4,0,0,0,15,2,1,40),(1731,1,2,0,0,0,0,0,0,0),(9612,12,4,0,0,0,15,5,1,120);
/*!40000 ALTER TABLE `vehicles` ENABLE KEYS */;
UNLOCK TABLES;
/*!40103 SET TIME_ZONE=@OLD_TIME_ZONE */;

/*!40101 SET SQL_MODE=@OLD_SQL_MODE */;
/*!40014 SET FOREIGN_KEY_CHECKS=@OLD_FOREIGN_KEY_CHECKS */;
/*!40014 SET UNIQUE_CHECKS=@OLD_UNIQUE_CHECKS */;
/*!40111 SET SQL_NOTES=@OLD_SQL_NOTES */;

-- Dump completed on 2014-10-13 20:22:53
